país Name,país Code,serie Name,serie Code,2019 [YR2019],2018 [YR2018],2017 [YR2017],2016 [YR2016],2015 [YR2015],2014 [YR2014],2013 [YR2013],2012 [YR2012],2011 [YR2011],2010 [YR2010],2009 [YR2009],2008 [YR2008],2007 [YR2007],2006 [YR2006],2005 [YR2005],2004 [YR2004],2003 [YR2003],2002 [YR2002],2001 [YR2001],2000 [YR2000],1999 [YR1999],1998 [YR1998],1997 [YR1997],1996 [YR1996],1995 [YR1995],1994 [YR1994],1993 [YR1993],1992 [YR1992],1991 [YR1991],1989 [YR1989],1988 [YR1988],1987 [YR1987],1986 [YR1986],1985 [YR1985],1984 [YR1984],1983 [YR1983],1982 [YR1982],1981 [YR1981],1980 [YR1980],1979 [YR1979],1978 [YR1978],1977 [YR1977],1976 [YR1976],1990 [YR1990],1975 [YR1975]
Afganistán,AFG,Camas hospitalarias (por cada 1.000 personas),SH.MED.BEDS.ZS,..,..,..,..,0.5,0.5,0.5,0.5,0.4,0.4,0.4,0.4,0.4,0.4,0.4,0.4,0.4,0.4,0.4,0.3,..,..,..,..,..,..,..,..,..,..,..,0.3091000020504,..,..,..,..,..,0.275599986314774,..,..,..,..,..,0.2497999966,..
Albania,ALB,Camas hospitalarias (por cada 1.000 personas),SH.MED.BEDS.ZS,..,..,..,..,..,..,2.9,2.9,2.6,3,3,..,3.1,3.1,3.1,3,3.1,3.1,3.3,3.3,3.0299999714,3.0499999523,3.0499999523,3.1400001049,3.1900000572,3.0171000957,3.8313999176,4.0134000778,3.9986999035,4.13210010528564,3.93549990653992,3.97000002861023,4.06969976425171,4.13880014419556,4.13899993896484,4.08620023727417,4.16069984436035,4.18709993362427,4.27169990539551,..,..,..,..,4.0248999596,..
Alemania,DEU,Camas hospitalarias (por cada 1.000 personas),SH.MED.BEDS.ZS,..,..,..,..,..,..,8.3,8.2,8.2,8.2,8.2,8.2,8.2,8.3,8.5,8.6,8.7,8.9,9,9.1,9.1999998093,9.3000001907,9.3999996185,9.6000003815,9.6999998093,9.6999998093,9.6999998093,9.8999996185,10.1000003815,..,..,..,..,11,..,..,..,..,11.5,..,..,..,..,10.3999996185,..
Andorra,AND,Camas hospitalarias (por cada 1.000 personas),SH.MED.BEDS.ZS,..,..,..,..,..,..,..,..,..,..,2.5,..,2.6,2.6,2.7,..,3.2999999523,..,2.5899999142,3.2000000477,3.2000000477,3.0899999142,3,3.1800000668,..,..,..,..,..,..,..,..,..,..,..,..,..,..,..,..,..,..,..,..,..
Angola,AGO,Camas hospitalarias (por cada 1.000 personas),SH.MED.BEDS.ZS,..,..,..,..,..,..,..,..,..,..,..,..,..,..,0.8,..,..,..,..,..,..,..,..,..,..,..,..,..,..,..,..,..,..,..,..,..,..,..,..,..,..,..,..,1.2913000584,..
Antigua y Barbuda,ATG,Camas hospitalarias (por cada 1.000 personas),SH.MED.BEDS.ZS,..,..,..,..,..,3.8,3.9,..,2.1,2.2,2.2,1.7,2,2.4,2.4,2.4,2.5,2.3,2.6,..,..,..,..,3.8800001144,..,..,6.1048002243,..,..,..,..,..,..,..,..,..,..,..,..,..,..,..,..,6.5999999046,..
Arabia Saudita,SAU,Camas hospitalarias (por cada 1.000 personas),SH.MED.BEDS.ZS,..,..,..,..,..,2.7,2.2,2.1,2.1,2.2,2.2,2.2,2.2,2.3,2.3,2.2,2.2,2.2,3.2,2.3,..,..,2.2999999523,..,..,..,..,..,..,..,..,..,..,..,..,..,..,1.45819997787476,..,..,..,..,..,2.4964001179,..
Argelia,DZA,Camas hospitalarias (por cada 1.000 personas),SH.MED.BEDS.ZS,..,..,..,..,1.9,..,..,..,..,..,..,..,..,..,..,1.7,..,..,..,..,..,2.0999999046,..,..,..,2.1031999588,..,..,..,2.56439995765686,2.62899994850159,..,2.48839998245239,..,..,..,..,..,..,..,..,..,..,2.4993000031,..
Argentina,ARG,Camas hospitalarias (por cada 1.000 personas),SH.MED.BEDS.ZS,..,..,..,..,..,5,4.9,4.7,4.5,4.5,..,..,..,..,4,..,..,..,..,4.1,..,..,..,3.2899999619,..,..,4.5999999046,..,..,..,..,..,..,..,..,..,..,..,..,..,..,..,..,4.5942997932,..
Armenia,ARM,Camas hospitalarias (por cada 1.000 personas),SH.MED.BEDS.ZS,..,..,..,..,4.2,..,4.1,4,3.7,3.7,3.7,3.8,4.1,4.4,4.5,4.4,4.4,4.3,5,6.4,6.1999998093,6.6599998474,6.75,7.1300001144,7.6399998665,7.765999794,8.2146997452,8.3676996231,8.529299736,9.03579998016357,9.19040012359619,8.99660015106201,9.02420043945313,8.69919967651367,8.66009998321533,8.54810047149658,8.68280029296875,8.57839965820313,8.39540004730225,..,..,..,..,9.0947999954,..
Aruba,ABW,Camas hospitalarias (por cada 1.000 personas),SH.MED.BEDS.ZS,..,..,..,..,..,..,..,..,..,..,..,..,..,..,..,..,..,..,..,..,..,..,..,..,..,..,..,..,..,..,..,..,..,..,..,..,..,..,..,..,..,..,..,..,..
Australia,AUS,Camas hospitalarias (por cada 1.000 personas),SH.MED.BEDS.ZS,..,..,..,..,..,3.8,..,..,3.8,3.9,3.8,..,..,3.97,4,3.9,..,4,7.5999999046,7.8000001907,7.9000000954,8.1999998093,8.3000001907,8.5,8.6999998093,8.6999998093,8.8999996185,8.8999996185,9.1999998093,9.80000019073486,..,10.5,..,10.8999996185303,11.6999998092651,11.8999996185303,12.1000003814697,12.1999998092651,12.3000001907349,12.1999998092651,12.1000003814697,12.1000003814697,11.8999996185303,..,11.8999996185303
Austria,AUT,Camas hospitalarias (por cada 1.000 personas),SH.MED.BEDS.ZS,..,..,..,..,..,..,7.6,7.7,7.7,7.7,7.7,7.7,7.8,7.7,7.7,7.7,7.7,7.8,7.8,7.9,8.8999996185,9,9.1999998093,9.3000001907,9.3999996185,9.5,9.3999996185,9.6999998093,9.8999996185,10.3999996185303,10.6000003814697,10.6999998092651,10.8000001907349,10.8999996185303,..,..,..,..,11.1999998092651,..,..,..,..,10.1999998093,..
Azerbaiyán,AZE,Camas hospitalarias (por cada 1.000 personas),SH.MED.BEDS.ZS,..,..,..,..,..,..,4.7,4.6,4.6,5.1,7.5,7.7,7.9,7.9,8.2,8.2,8.3,8.4,8.5,8.7,8.8999996185,9.0600004196,9.6099996567,9.8100004196,10.0200004578,10.070599556,10.4875001907,10.5427999496,10.0208997726,10.204400062561,9.96630001068115,9.88210010528564,9.84109973907471,9.89680004119873,..,..,..,..,9.74520015716553,..,..,..,..,10.0992002487,..
Bahamas,BHS,Camas hospitalarias (por cada 1.000 personas),SH.MED.BEDS.ZS,..,..,..,..,..,..,2.9,2.9,2.9,3.1,3.2,3.2,3.2,3.2,..,3.4,3.4,3.4000000954,3.4,3.5,..,..,..,3.9400000572,3.6,..,3.8838999271,..,..,..,..,..,..,..,..,..,..,..,4.4047999382019,..,..,..,..,4,..
Bahrein,BHR,Camas hospitalarias (por cada 1.000 personas),SH.MED.BEDS.ZS,..,..,..,..,..,2,2.1,2.1,1.7,1.8,1.9,2,2.7,2.7,2.8,2.8,2.8,2.9,2.8,2.8,..,..,2.9000000954,..,..,..,..,..,..,3.33949995040894,..,..,..,..,..,..,..,..,3.31439995765686,..,..,..,..,..,..
Bangladesh,BGD,Camas hospitalarias (por cada 1.000 personas),SH.MED.BEDS.ZS,..,..,..,..,0.8,0.6,..,..,0.6,..,..,..,..,..,0.3,..,..,0.34,0.3,..,0.3000000119,..,..,..,..,0.3048999906,..,..,0.3080999851,..,..,..,..,0.287800014019012,..,..,..,0.225199997425079,0.215800002217293,..,..,..,..,0.3041999936,..
Barbados,BRB,Camas hospitalarias (por cada 1.000 personas),SH.MED.BEDS.ZS,..,..,..,..,..,5.8,6.2,6.2,..,6.6,6.8,7.6,..,6.6,6.7,7.3,7.3,..,..,..,..,..,..,7.5599999428,7.4,..,1.2676000595,..,..,..,..,..,..,..,..,..,..,..,8.53470039367676,..,..,..,..,8.3999996185,..
Belarús,BLR,Camas hospitalarias (por cada 1.000 personas),SH.MED.BEDS.ZS,..,..,..,..,..,..,11,11.3,11.3,11.5,11.1,11.1,11.2,11.2,11.1,10.7,11.3,11.9,12.6,12.6,12.6400003433,12.4200000763,12.3599996567,12.2700004578,12.3800001144,12.4638996124,12.4762001038,12.6906995773,13.20470047,13.5795001983643,13.3729000091553,13.4562997817993,13.2604999542236,13.0712995529175,..,..,..,..,12.5460996627808,..,..,..,..,13.2264003754,..
Bélgica,BEL,Camas hospitalarias (por cada 1.000 personas),SH.MED.BEDS.ZS,..,..,..,..,..,6.2,6.3,6.3,6.4,6.5,6.5,6.6,6.6,6.7,7.4,7.5,7.5,7.6,7.7,7.8,7.0999999046,7.1999998093,7.1999998093,..,..,7.5999999046,7.6999998093,7.6999998093,7.9000000954,..,..,..,..,9.10000038146973,..,..,..,..,9.39999961853027,..,..,..,..,8,..
Belice,BLZ,Camas hospitalarias (por cada 1.000 personas),SH.MED.BEDS.ZS,..,..,..,..,..,1.3,0.9,1.1,1.1,1.2,1.1,1.2,1.2,1.3,1.2,1.3,1.2999999523,..,..,1.9,..,..,..,2.1300001144,2.5,..,2.7999999523,..,..,..,..,..,3.31680011749268,..,..,..,..,..,..,..,..,..,..,2.7000000477,..
Benin,BEN,Camas hospitalarias (por cada 1.000 personas),SH.MED.BEDS.ZS,..,..,..,..,..,..,..,..,..,0.5,..,..,..,..,0.5,..,..,..,..,..,..,..,..,..,..,0.2336000055,0.2390999943,0.2231000066,0.5005000234,..,..,..,..,0.359600007534027,..,..,..,1.13119995594025,1.46490001678467,..,..,..,..,0.8338999748,..
Bermudas,BMU,Camas hospitalarias (por cada 1.000 personas),SH.MED.BEDS.ZS,..,..,..,..,..,..,..,..,..,..,..,..,..,..,..,..,..,..,..,..,..,..,..,6.3000001907,..,..,..,..,..,..,..,..,..,..,..,..,..,..,..,..,..,..,..,..,..
Bhután,BTN,Camas hospitalarias (por cada 1.000 personas),SH.MED.BEDS.ZS,..,..,..,..,..,..,..,1.7,1.8,..,..,..,..,1.7,..,..,..,1.6,1.6,..,1.6000000238,..,..,..,..,1.6147999763,..,..,..,..,..,..,1.70589995384216,..,..,..,..,..,..,..,..,..,..,0.8467000127,..
Bolivia,BOL,Camas hospitalarias (por cada 1.000 personas),SH.MED.BEDS.ZS,..,..,..,..,..,1.1,1.1,1.1,1.1,..,1.1,1.1,1.1,1.1,..,1,1,..,..,..,..,..,..,1.6699999571,..,..,1.3999999762,..,1.4110000134,..,..,..,..,..,..,..,..,..,..,..,..,..,..,1.317800045,2.05879998207092
Bosnia y Herzegovina,BIH,Camas hospitalarias (por cada 1.000 personas),SH.MED.BEDS.ZS,..,..,..,..,..,..,3.5,3.5,3.5,3.4,3.3,3.4,3.4,3.3,3.1,3.1,3.2,3.2,3.2,3.4,3.7999999523,3.8199999332,..,..,..,..,..,..,4.3779997826,4.49830007553101,4.57819986343384,4.5935001373291,4.74200010299683,4.71810007095337,4.8137001991272,4.90469980239868,4.91790008544922,4.92280006408691,4.83109998703003,..,..,..,..,4.4590997696,..
Botswana,BWA,Camas hospitalarias (por cada 1.000 personas),SH.MED.BEDS.ZS,..,..,..,..,..,..,..,..,..,1.8,..,1.8,2.4,..,..,..,2.2,..,..,..,..,..,..,..,..,..,..,..,..,..,..,..,..,..,..,..,..,..,2.36310005187988,..,..,..,..,1.5751999617,..
Brasil,BRA,Camas hospitalarias (por cada 1.000 personas),SH.MED.BEDS.ZS,..,..,..,..,..,2.2,2.3,2.3,2.3,2.4,2.4,..,..,..,2.4,..,..,2.6,..,..,..,..,..,3.1099998951,..,..,3.5,..,..,..,..,3.56030011177063,..,..,..,..,..,..,..,..,..,..,..,3.3452999592,4.9951000213623
Brunei Darussalam,BRN,Camas hospitalarias (por cada 1.000 personas),SH.MED.BEDS.ZS,..,..,..,..,2.7,..,..,2.7,2.79,..,2.6,2.7,..,2.79,3,2.6,..,2.7,..,2.5999999046,..,..,..,..,..,..,..,..,..,..,..,..,..,..,..,..,2.99399995803833,2.93589997291565,..,..,..,..,..,..,..
Bulgaria,BGR,Camas hospitalarias (por cada 1.000 personas),SH.MED.BEDS.ZS,..,..,..,..,..,..,6.8,6.6,6.4,6.5,6.6,6.5,6.4,6.2,6.4,6.1,6.3,6.5,7.2,7.4,7.4899997711,8.4099998474,10.279999733,10.470000267,10.3699998856,10.196100235,10.4941997528,10.2063999176,9.7681999207,9.70209980010986,9.56019973754883,9.56420040130615,9.45209980010986,9.11400032043457,8.96300029754639,8.87679958343506,8.88669967651367,8.85900020599365,8.85060024261475,..,..,..,..,9.7908000946,..
Burkina Faso,BFA,Camas hospitalarias (por cada 1.000 personas),SH.MED.BEDS.ZS,..,..,..,..,..,..,..,..,..,0.4,..,..,..,0.9,..,..,..,..,..,..,..,..,..,1.4199999571,1.2999999523,..,..,..,..,0.306400001049042,..,..,..,..,..,..,..,..,..,..,..,..,..,0.2992999852,..
Burundi,BDI,Camas hospitalarias (por cada 1.000 personas),SH.MED.BEDS.ZS,..,..,..,..,..,0.8,..,..,1.9,..,..,..,..,0.7,..,..,..,..,..,..,..,..,..,..,..,..,..,..,0.6631000042,..,..,..,0.679199993610382,..,..,..,..,..,..,..,..,..,..,..,1.12320005893707
Cabo Verde,CPV,Camas hospitalarias (por cada 1.000 personas),SH.MED.BEDS.ZS,..,..,..,..,..,..,..,..,..,2.1,..,2.1,..,..,2.1,..,..,..,..,..,..,..,..,..,..,..,..,1.5830999613,..,..,1.59769999980927,..,..,..,..,..,..,..,2.1868999004364,..,..,..,..,..,..
Camboya,KHM,Camas hospitalarias (por cada 1.000 personas),SH.MED.BEDS.ZS,..,..,..,..,0.8,..,0.7,..,0.7,0.84,..,..,..,..,..,0.1,..,..,0.6,..,..,..,..,..,..,..,..,..,..,..,2.09870004653931,..,..,..,..,..,..,..,..,..,..,..,..,2.0720999241,..
Camerún,CMR,Camas hospitalarias (por cada 1.000 personas),SH.MED.BEDS.ZS,..,..,..,..,..,..,..,..,..,1.3,..,..,..,1.5,..,..,..,..,..,..,..,..,..,..,..,..,..,..,..,2.59829998016357,..,..,..,..,..,..,..,..,..,..,..,..,..,2.5532999039,2.46589994430542
Canadá,CAN,Camas hospitalarias (por cada 1.000 personas),SH.MED.BEDS.ZS,..,..,..,..,..,..,..,2.7,2.7,2.7,3.2,3.4,..,3.4,3.4,..,3.6,3.7000000477,3.7000000477,3.4,3.9000000954,4.1999998093,4.4000000954,4.5999999046,5,..,5.4000000954,5.5,5.8000001907,6.30000019073486,6.5,6.59999990463257,6.69999980926514,6.80000019073486,6.80000019073486,6.80000019073486,6.80000019073486,6.90000009536743,6.80000019073486,6.80000019073486,6.90000009536743,6.90000009536743,6.90000009536743,6,..
Chad,TCD,Camas hospitalarias (por cada 1.000 personas),SH.MED.BEDS.ZS,..,..,..,..,..,..,..,..,..,..,..,..,..,..,0.4,..,..,..,..,..,..,..,..,..,..,..,..,..,0.7200999856,..,..,..,..,..,..,..,..,..,..,..,..,..,..,..,..
Chile,CHL,Camas hospitalarias (por cada 1.000 personas),SH.MED.BEDS.ZS,..,..,..,..,..,..,2.2,2.2,2.1,2,2.1,..,..,2.3,2.3,2.4,..,2.5999999046,..,..,..,..,..,2.6700000763,..,..,3.0999999046,..,..,3.17670011520386,..,..,..,..,..,..,..,..,3.40639996528625,..,..,..,..,3.1586000919,..
China,CHN,Camas hospitalarias (por cada 1.000 personas),SH.MED.BEDS.ZS,..,..,..,..,..,..,..,4.2,3.8,3.56,4.2,..,..,2.23,2.45,3,2.2,2.4500000477,2.5199999809,2.5199999809,2.5199999809,2.5299999714,2.5499999523,2.5499999523,2.6099998951,2.6300001144,2.6300001144,2.6199998856,2.5999999046,2.55999994277954,2.53999996185303,2.48000001907349,2.40000009536743,2.36999988555908,2.32999992370605,2.28999996185303,2.25999999046326,2.25,2.23000001907349,2.20000004768372,2.14000010490417,2.0699999332428,2,2.5799999237,1.91999995708466
Chipre,CYP,Camas hospitalarias (por cada 1.000 personas),SH.MED.BEDS.ZS,..,..,..,..,..,..,3.4,3.5,3.5,3.5,3.7,3.8,3.8,3.8,3.8,4.2,4.3,4.4,4.4,4.5,..,..,..,..,..,..,..,..,..,5.08640003204346,..,..,..,..,..,..,..,5.72009992599487,5.65299987792969,..,..,..,..,..,..
Colombia,COL,Camas hospitalarias (por cada 1.000 personas),SH.MED.BEDS.ZS,..,..,..,..,..,1.5,1.5,1.5,1.4,..,..,..,1,1,..,1.2,1.1000000238,..,..,..,..,..,..,1.4600000381,..,..,1.2999999523,..,..,1.25109994411469,..,..,..,..,..,..,..,..,1.56410002708435,..,..,..,..,1.3667000532,..
Comoras,COM,Camas hospitalarias (por cada 1.000 personas),SH.MED.BEDS.ZS,..,..,..,..,..,..,..,..,..,2.2,..,..,..,2.2,..,..,..,..,..,..,..,..,..,..,..,..,..,..,..,3.12490010261536,..,..,..,..,..,..,..,..,..,..,..,..,..,2.7616000175,..
"Congo, República del",COG,Camas hospitalarias (por cada 1.000 personas),SH.MED.BEDS.ZS,..,..,..,..,..,..,..,..,..,..,..,..,..,..,1.6,..,..,..,..,..,..,..,..,..,..,..,..,..,..,..,..,..,..,..,..,..,..,..,..,..,..,..,..,3.3499999046,..
"Congo, República Democrática del",COD,Camas hospitalarias (por cada 1.000 personas),SH.MED.BEDS.ZS,..,..,..,..,..,..,..,..,..,..,..,..,..,0.8,1.1,..,..,..,..,..,..,..,..,..,..,..,..,..,..,..,..,1.59309995174408,..,..,..,..,..,..,..,..,..,..,..,1.4268000126,3.22530007362366
"Corea, República de",KOR,Camas hospitalarias (por cada 1.000 personas),SH.MED.BEDS.ZS,..,..,..,..,11.5,..,..,10.3,..,..,10.3,12.3,..,8.64,..,8.6,7.0999999046,6.6,6.0999999046,6.0999999046,5.5999999046,5.0999999046,4.8000001907,4.5999999046,4.4000000954,4.0999999046,3.7000000477,3.5,3.2999999523,3,..,..,..,2.40000009536743,..,..,..,..,1.70000004768372,..,..,..,..,3.0999999046,..
"Corea, República Popular Democrática de",PRK,Camas hospitalarias (por cada 1.000 personas),SH.MED.BEDS.ZS,..,..,..,..,..,..,..,13.2,..,14.3,..,..,..,..,..,..,..,13.2,..,..,..,..,..,..,..,..,..,..,..,..,..,..,..,..,..,..,..,..,..,..,..,..,..,..,..
Costa Rica,CRI,Camas hospitalarias (por cada 1.000 personas),SH.MED.BEDS.ZS,..,..,..,..,1.2,1.1,1.1,1.2,1.2,1.2,..,1.2,1.3,1.3,..,1.4,1.3999999762,..,..,..,..,1.6799999475,1.7100000381,1.75,1.7799999714,1.793900013,..,..,..,..,..,..,..,..,..,..,..,..,3.31439995765686,..,..,..,..,2.5,..
Côte d'Ivoire,CIV,Camas hospitalarias (por cada 1.000 personas),SH.MED.BEDS.ZS,..,..,..,..,..,..,..,..,..,..,..,..,..,0.4,..,..,..,..,..,..,..,..,..,..,..,..,..,..,..,0.828499972820282,..,..,..,..,..,..,..,..,..,..,..,..,..,0.8116000295,..
Croacia,HRV,Camas hospitalarias (por cada 1.000 personas),SH.MED.BEDS.ZS,..,..,..,..,5.6,5.89,5.9,5.9,5.7,5.6,5.4,5.5,5.5,5.5,5.5,5.5,5.6,5.7,6,6.2,5.9299998283,6.0599999428,6.0100002289,6.1900000572,5.75,5.9095001221,6.071199894,6.210100174,6.5201001167,7.39300012588501,7.44169998168945,7.4225001335144,7.40259981155396,7.45429992675781,7.44659996032715,7.46519994735718,7.42350006103516,7.30810022354126,7.23479986190796,..,..,..,..,7.3777999878,..
Cuba,CUB,Camas hospitalarias (por cada 1.000 personas),SH.MED.BEDS.ZS,..,..,..,..,..,5.2,5.1,5.3,5.1,5.9,5.9,6,4.9,4.9,4.9,..,4.9000000954,..,..,..,..,..,..,5.1300001144,..,..,6,..,..,..,..,..,..,..,..,..,..,..,..,..,..,..,..,5.4211997986,..
Curacao,CUW,Camas hospitalarias (por cada 1.000 personas),SH.MED.BEDS.ZS,..,..,..,..,..,..,..,..,..,..,..,..,..,..,..,..,..,..,..,..,..,..,..,..,..,..,..,..,..,..,..,..,..,..,..,..,..,..,..,..,..,..,..,..,..
Dinamarca,DNK,Camas hospitalarias (por cada 1.000 personas),SH.MED.BEDS.ZS,..,..,..,..,2.5,..,3.1,..,3.1,3.5,3.5,3.6,3.7,3.8,3.9,4,4.1,4.3,4.2,4.3,4.3000001907,4.5,4.5999999046,4.6999998093,4.9000000954,5,5,5.0999999046,5.4000000954,5.80000019073486,6,6.19999980926514,6.90000009536743,7,7.09999990463257,7.40000009536743,7.69999980926514,7.80000019073486,8.10000038146973,8.19999980926514,8.5,8.39999961853027,8.60000038146973,5.5999999046,8.5
Djibouti,DJI,Camas hospitalarias (por cada 1.000 personas),SH.MED.BEDS.ZS,..,..,..,..,..,1.4,1.4,1.4,1.4,1.4,..,..,..,1.6,1.6,1.6,1.6,1.8,1.8,1.8,..,..,..,..,..,..,..,..,..,..,..,..,..,..,..,..,..,3.61050009727478,..,..,..,..,..,2.5397000313,..
Dominica,DMA,Camas hospitalarias (por cada 1.000 personas),SH.MED.BEDS.ZS,..,..,..,..,..,..,..,3.8,3.8,3.8,3.8,3.8,4,..,3.9,3.9,3.9,3.9000000954,3.5,3.8,..,..,..,2.6500000954,3.6,..,2.5938999653,..,..,..,..,..,..,..,..,..,..,..,..,..,..,..,..,3,..
Ecuador,ECU,Camas hospitalarias (por cada 1.000 personas),SH.MED.BEDS.ZS,..,..,..,..,..,..,1.5,1.5,1.6,1.6,1.6,1.5,1.5,..,..,..,1.7,1.5,..,..,..,..,..,1.5499999523,..,..,1.6000000238,..,..,..,..,..,..,..,..,..,..,..,1.90719997882843,..,..,..,..,1.6440999508,2.54629993438721
"Egipto, República Árabe de",EGY,Camas hospitalarias (por cada 1.000 personas),SH.MED.BEDS.ZS,..,..,..,..,..,1.6,0.5,0.5,0.5,1.7,1.7,2.1,2.1,2.2,2.2,2.2,2.2,2.1,2.1,2.1,..,..,2.0999999046,2.0999999046,..,..,1.9292999506,2.0004000664,2.0241999626,2.01990008354187,2.12470006942749,..,2.08570003509521,..,..,..,..,2.07220005989075,2.02629995346069,..,..,..,..,2.0708999634,2.03660011291504
El Salvador,SLV,Camas hospitalarias (por cada 1.000 personas),SH.MED.BEDS.ZS,..,..,..,..,..,1.3,1.1,1.1,1,1,1.1,0.8,0.7,0.9,0.9,..,..,..,..,..,..,..,..,1.6499999762,..,..,1.5,..,..,..,..,..,..,..,..,..,..,..,..,..,..,..,..,1.4710999727,1.98500001430511
Emiratos Árabes Unidos,ARE,Camas hospitalarias (por cada 1.000 personas),SH.MED.BEDS.ZS,..,..,..,..,..,..,1.2,1.1,1.1,1.9,1.9,1.9,1.9,1.9,2.2,2.2,2.2,2.2,2.3,2.4,..,..,..,2.6400001049,..,..,..,3.0604999065,..,..,..,..,..,..,..,..,..,2.87509989738464,2.84949994087219,..,..,..,..,2.6400001049,..
Eritrea,ERI,Camas hospitalarias (por cada 1.000 personas),SH.MED.BEDS.ZS,..,..,..,..,..,..,..,..,0.7,..,..,..,..,1.2,..,..,..,..,..,..,..,..,..,..,..,..,..,..,..,..,..,..,..,..,..,..,..,..,..,..,..,..,..,..,..
Eslovenia,SVN,Camas hospitalarias (por cada 1.000 personas),SH.MED.BEDS.ZS,..,..,..,..,..,..,4.6,4.5,4.6,4.6,4.6,4.7,4.7,4.8,4.8,4.8,5,5.1,5.2,5.4,5.5500001907,5.6199998856,5.6700000763,5.6599998474,5.75,5.7768998146,5.8007001877,5.9369997978,6.011300087,6.06339979171753,6.13800001144409,6.2153000831604,6.26789999008179,6.32609987258911,6.50099992752075,..,6.67950010299683,..,6.95260000228882,..,..,..,..,6.0408000946,..
España,ESP,Camas hospitalarias (por cada 1.000 personas),SH.MED.BEDS.ZS,..,..,..,..,..,..,3,3,3.1,3.2,3.2,3.2,3.3,3.3,3.4,3.4,3.5,3.5,3.6,3.7,4.0999999046,4.1999998093,4.1999998093,4.3000001907,4.3000001907,4.4000000954,4.4000000954,4.5,4.5999999046,4.69999980926514,4.69999980926514,4.80000019073486,4.80000019073486,4.90000009536743,5,5.19999980926514,5.40000009536743,5.40000009536743,5.40000009536743,5.5,..,..,..,4.5999999046,..
Estados Unidos,USA,Camas hospitalarias (por cada 1.000 personas),SH.MED.BEDS.ZS,..,..,..,..,..,..,2.9,2.9,2.9,3,3.1,3.1,3.1,3.1,3.2,..,3.3,3.4000000954,3.5,3.5,3.5999999046,3.7000000477,3.7999999523,3.9000000954,4.0999999046,4.3000001907,4.5,4.5999999046,4.8000001907,5,5.09999990463257,5.19999980926514,5.40000009536743,5.5,5.69999980926514,5.80000019073486,5.90000009536743,5.90000009536743,6,6.09999990463257,6.19999980926514,6.40000009536743,6.59999990463257,4.9000000954,6.80000019073486
Estonia,EST,Camas hospitalarias (por cada 1.000 personas),SH.MED.BEDS.ZS,..,..,..,..,5,..,5,5.5,5.3,5.2,5.3,5.6,5.5,5.6,5.4,5.7,5.7,6,6.6,7,7.5300002098,7.5799999237,7.7100000381,7.9000000954,8.3500003815,8.5613002777,9.622300148,9.6816997528,11.2891998291,11.9308004379272,12.0267000198364,12.1365003585815,12.2651996612549,12.2743997573853,..,..,..,..,12.1850996017456,..,..,..,..,11.6106004715,..
Eswatini,SWZ,Camas hospitalarias (por cada 1.000 personas),SH.MED.BEDS.ZS,..,..,..,..,..,..,..,..,2.1,..,..,..,..,2.1,..,..,..,..,..,..,..,..,..,..,..,..,..,..,..,..,..,..,..,..,..,..,..,..,..,..,..,..,..,..,..
Etiopía,ETH,Camas hospitalarias (por cada 1.000 personas),SH.MED.BEDS.ZS,..,..,..,..,0.3,..,..,..,6.3,..,..,0.2,..,0.2,..,0.2,..,..,..,..,..,..,..,..,..,..,..,..,..,..,..,..,..,..,..,..,..,..,0.295500010251999,..,..,..,..,0.2415000051,0.285699993371964
Federación de Rusia,RUS,Camas hospitalarias (por cada 1.000 personas),SH.MED.BEDS.ZS,..,..,..,..,..,..,8.2,8.4,8.6,8.8,9,9.2,9.5,9.7,9.7,9.9,10.5,10.7,10.8,10.9,10.8500003815,11.1099996567,11.3400001526,11.6300001144,11.8699998856,11.9611997604,12.1958999634,12.2342996597,12.7019996643,13.1862001419067,13.1752004623413,13.117600440979,13.0462999343872,12.9815998077393,..,..,..,..,..,..,..,..,..,13.0552997589,..
Fiji,FJI,Camas hospitalarias (por cada 1.000 personas),SH.MED.BEDS.ZS,..,..,..,..,..,..,..,..,2.3,..,2.1,2.1,..,..,2.09,2.1,..,..,..,..,2.6,..,..,..,..,..,..,..,..,..,..,..,..,..,..,..,..,2.74609994888306,2.81389999389648,..,..,..,..,..,3.33330011367798
Filipinas,PHL,Camas hospitalarias (por cada 1.000 personas),SH.MED.BEDS.ZS,..,..,..,..,..,..,..,..,1,0.5,0.5,0.5,0.5,0.5,..,..,..,0.5,1,..,..,..,..,..,..,..,1.0710999966,1.3701000214,1.2745000124,..,..,..,1.71420001983643,1.75569999217987,1.71529996395111,1.7146999835968,1.71350002288818,..,1.708899974823,..,..,..,1.70940005779266,1.3918999434,1.70949995517731
Finlandia,FIN,Camas hospitalarias (por cada 1.000 personas),SH.MED.BEDS.ZS,..,..,..,..,4.4,..,4.9,5.3,5.5,5.9,6.3,6.6,6.7,7,7.1,7.1,7.2,7.4,7.5,7.5,7.5999999046,7.8000001907,7.9000000954,9.1999998093,9.3000001907,10,10,11,11.1999998093,..,..,..,..,14,..,..,..,..,15.6000003814697,..,..,..,..,12.5,..
Francia,FRA,Camas hospitalarias (por cada 1.000 personas),SH.MED.BEDS.ZS,..,..,..,..,..,..,6.5,6.5,6.6,6.6,6.9,7.1,7.3,7.3,7.5,7.6,7.8,8,8.1,8.2,8.3000001907,8.3999996185,8.6000003815,8.8000001907,8.8999996185,9.1000003815,9.3000001907,9.3999996185,9.6000003815,9.89999961853027,10.1000003814697,10.1999998092651,10.3000001907349,10.5,10.6999998092651,10.8000001907349,11,11.1000003814697,11.1000003814697,11.1000003814697,10.8999996185303,10.8000001907349,10.6000003814697,9.6999998093,10.6000003814697
Gabón,GAB,Camas hospitalarias (por cada 1.000 personas),SH.MED.BEDS.ZS,..,..,..,..,..,..,..,..,..,6.3,..,1.3,..,2,..,..,..,..,..,..,..,..,..,..,..,..,..,..,..,..,..,..,..,1.55200004577637,..,..,..,..,..,..,..,..,..,3.1937999725,..
Gambia,GMB,Camas hospitalarias (por cada 1.000 personas),SH.MED.BEDS.ZS,..,..,..,..,..,..,..,..,1.1,..,1.1,..,..,..,0.8,..,..,..,..,..,..,..,..,..,..,..,..,..,..,..,..,..,..,1.65779995918274,..,..,..,..,..,..,..,..,..,0.6108999848,..
Georgia,GEO,Camas hospitalarias (por cada 1.000 personas),SH.MED.BEDS.ZS,..,..,..,..,..,..,2.6,2.5,2.8,3,3.1,3.2,3.3,3.7,3.9,4.1,4.2,4.2,4.5,4.8,5.6900000572,5.7100000381,5.8600001335,5.6700000763,7.6599998474,9.6758003235,9.3910999298,10.0087003708,9.7981004715,9.99569988250732,9.99349975585938,10.1073999404907,10.0150003433228,9.9734001159668,..,..,..,..,10.1708002090454,..,..,..,..,9.7974996567,..
Ghana,GHA,Camas hospitalarias (por cada 1.000 personas),SH.MED.BEDS.ZS,..,..,..,..,..,..,..,..,0.9,..,0.9,..,..,..,0.9,..,..,..,..,..,..,..,..,..,..,..,..,..,..,..,..,..,..,1.56700003147125,..,..,..,..,..,..,..,..,..,1.4600000381,1.25080001354218
Gibraltar,GIB,Camas hospitalarias (por cada 1.000 personas),SH.MED.BEDS.ZS,..,..,..,..,..,..,..,..,..,..,..,..,..,..,..,..,..,..,..,..,..,..,..,..,..,..,..,..,..,..,..,..,..,..,..,..,..,..,..,..,..,..,..,..,..
Granada,GRD,Camas hospitalarias (por cada 1.000 personas),SH.MED.BEDS.ZS,..,..,..,..,..,3.7,3.7,3.5,3.5,..,2.4,2.6,2.6,..,4.1,..,5.6999998093,6.9,..,6.2,..,..,..,5.2699999809,5.5,..,8.1778001785,..,..,..,..,..,..,..,..,..,..,..,5.771399974823,..,..,..,..,8,..
Grecia,GRC,Camas hospitalarias (por cada 1.000 personas),SH.MED.BEDS.ZS,..,..,..,..,4.3,..,..,4.4,4.5,4.8,4.8,4.8,4.8,4.8,4.7,4.7,4.7,4.7,4.8,4.7,4.6999998093,4.8000001907,4.9000000954,4.9000000954,4.9000000954,4.9000000954,5,5,5,5.09999990463257,5.19999980926514,5.19999980926514,5.30000019073486,5.5,..,..,..,..,6.19999980926514,..,..,..,..,5.0999999046,..
Groenlandia,GRL,Camas hospitalarias (por cada 1.000 personas),SH.MED.BEDS.ZS,..,..,..,..,..,..,..,..,..,..,..,..,..,..,..,..,..,..,..,..,..,..,..,..,..,..,..,..,..,..,..,..,..,..,..,..,..,..,..,..,..,..,..,..,..
Guam,GUM,Camas hospitalarias (por cada 1.000 personas),SH.MED.BEDS.ZS,..,..,..,..,..,..,..,..,..,..,..,..,..,..,..,..,..,..,..,..,..,..,..,..,..,..,..,..,..,..,..,..,..,..,..,..,..,..,..,..,..,..,..,..,..
Guatemala,GTM,Camas hospitalarias (por cada 1.000 personas),SH.MED.BEDS.ZS,..,..,..,..,..,0.6,..,0.6,0.6,0.6,0.6,0.6,0.7,..,0.7,..,..,0.5,..,..,..,..,..,0.9800000191,..,..,1.1000000238,..,..,0.877799987792969,..,..,1.72119998931885,..,..,..,..,..,..,..,..,..,..,1.1000000238,2.00270009040833
Guinea,GIN,Camas hospitalarias (por cada 1.000 personas),SH.MED.BEDS.ZS,..,..,..,..,..,..,..,..,0.3,..,..,..,..,..,0.3,..,..,..,..,..,..,..,..,..,..,..,..,..,..,..,0.584100008010864,..,..,..,..,..,..,..,..,..,..,..,..,0.5507000089,..
Guinea Ecuatorial,GNQ,Camas hospitalarias (por cada 1.000 personas),SH.MED.BEDS.ZS,..,..,..,..,..,..,..,..,..,2.1,1.9,..,..,..,2.2,..,..,..,1.1,..,..,..,..,..,..,..,..,..,..,..,2.80299997329712,..,..,..,..,..,..,..,..,..,..,..,..,..,..
Guinea-Bissau,GNB,Camas hospitalarias (por cada 1.000 personas),SH.MED.BEDS.ZS,..,..,..,..,..,..,..,..,..,..,1,..,0.7,..,..,..,..,..,..,..,..,..,..,..,..,..,..,..,..,..,..,..,..,..,..,..,..,1.97169995307922,1.8860000371933,..,..,..,..,1.4779000282,..
Guyana,GUY,Camas hospitalarias (por cada 1.000 personas),SH.MED.BEDS.ZS,..,..,..,..,..,1.6,..,..,..,..,2,..,1.9,2.5,2.8,..,..,..,2.9,..,..,..,..,3.8699998856,3.1,..,3.0999999046,..,..,..,..,..,..,3.49200010299683,..,..,..,..,..,..,..,..,..,..,4.97279977798462
Haití,HTI,Camas hospitalarias (por cada 1.000 personas),SH.MED.BEDS.ZS,..,..,..,..,..,..,0.7,..,..,..,..,..,1.3,..,..,..,..,..,..,0.7,..,..,..,0.7099999785,..,..,0.7990999818,..,..,..,..,..,..,0.723100006580353,..,..,..,..,0.740499973297119,..,..,..,..,0.7555999756,0.776000022888184
Honduras,HND,Camas hospitalarias (por cada 1.000 personas),SH.MED.BEDS.ZS,..,..,..,..,..,0.7,0.7,0.7,0.7,0.8,0.8,0.7,..,..,..,..,..,1,..,..,..,..,..,1.0599999428,..,..,0.8000000119,..,..,..,..,..,..,1.30949997901917,..,..,..,..,1.32410001754761,..,..,..,..,1.0067000389,1.7036999464035
"Hong Kong, Región Administrativa Especial",HKG,Camas hospitalarias (por cada 1.000 personas),SH.MED.BEDS.ZS,..,..,..,..,..,..,..,..,..,..,..,..,..,..,..,..,..,..,..,..,..,..,..,..,..,..,..,..,..,..,..,..,..,4.89090013504028,..,..,..,4.10979986190796,4.02099990844727,..,..,..,..,..,5.04129981994629
Hungría,HUN,Camas hospitalarias (por cada 1.000 personas),SH.MED.BEDS.ZS,..,..,..,..,..,..,7,7,7.2,7.2,7.1,7.1,7.2,8,7.9,7.9,7.9,7.9,7.9,8.2,8.1000003815,8.1000003815,8,8.8000001907,8.8000001907,9.3000001907,..,..,..,..,..,..,..,..,..,..,..,..,..,..,..,..,..,..,..
India,IND,Camas hospitalarias (por cada 1.000 personas),SH.MED.BEDS.ZS,..,..,..,..,..,..,..,..,0.7,..,..,..,..,..,0.9,..,0.8999999762,0.69,..,..,..,..,..,..,..,..,..,..,0.7870000005,..,..,0.718200027942657,..,0.769200026988983,..,..,..,0.769400000572205,0.769699990749359,..,..,..,..,..,0.588199973106384
Indonesia,IDN,Camas hospitalarias (por cada 1.000 personas),SH.MED.BEDS.ZS,..,..,..,..,1.2,..,..,0.9,..,0.6,..,..,..,..,..,..,..,0.6,..,..,..,0.6,..,..,..,0.6600999832,0.6575999856,0.6650000215,0.6686000228,0.702600002288818,..,..,..,0.556800007820129,..,..,..,..,..,..,..,..,..,0.665199995,0.818300008773804
"Irán, República Islámica del",IRN,Camas hospitalarias (por cada 1.000 personas),SH.MED.BEDS.ZS,..,..,..,..,..,1.5,1.5,0.1,1.7,1.7,1.4,1.4,1.7,1.7,1.7,1.6,1.6,1.6,1.6,1.6,..,..,..,1.6000000238,..,..,..,..,..,..,1.48370003700256,1.51049995422363,..,..,..,..,..,1.51559996604919,1.4805999994278,..,..,..,..,1.4330999851,..
Iraq,IRQ,Camas hospitalarias (por cada 1.000 personas),SH.MED.BEDS.ZS,..,..,..,..,..,1.4,1.3,1.3,1.3,1.3,1.3,1.3,1.3,1.3,1.3,1.3,1.3,1.3,1.3,1.2,..,1.4500000477,..,..,..,..,..,..,..,1.71389997005463,..,..,..,..,..,..,..,1.89310002326965,1.94640004634857,..,..,..,..,1.6596000195,..
Irlanda,IRL,Camas hospitalarias (por cada 1.000 personas),SH.MED.BEDS.ZS,..,..,..,..,..,..,2.8,2.8,2.9,3,3.2,4.9,5.2,5.3,5.5,5.7,5.7,5.8,5.9,6.2,4.6999998093,4.8000001907,4.9000000954,5.0999999046,5.1999998093,5.3000001907,5.5,5.6999998093,6,6.19999980926514,6.40000009536743,7.19999980926514,7.90000009536743,8.19999980926514,8.39999961853027,8.60000038146973,8.80000019073486,9,9,..,..,..,..,6.0999999046,..
Isla de Man,IMN,Camas hospitalarias (por cada 1.000 personas),SH.MED.BEDS.ZS,..,..,..,..,..,..,..,..,..,..,1.58427938375929,..,..,1.58474325890611,1.76939461735904,..,..,..,..,..,..,..,..,..,..,..,..,..,..,..,..,..,..,..,..,..,..,1.75411209504075,1.75615659502416,..,..,..,..,1.75223833073534,..
Isla de San Martín (parte francesa),MAF,Camas hospitalarias (por cada 1.000 personas),SH.MED.BEDS.ZS,..,..,..,..,..,..,..,..,..,..,..,..,..,..,..,..,..,..,..,..,..,..,..,..,..,..,..,..,..,..,..,..,..,..,..,..,..,..,..,..,..,..,..,..,..
Islandia,ISL,Camas hospitalarias (por cada 1.000 personas),SH.MED.BEDS.ZS,..,..,..,..,..,3.2,3.2,3.3,3.3,3.6,3.7,3.9,4.2,5.3391,..,..,..,7.5,..,..,..,..,..,..,14.6000003815,14.6999998093,14.8000001907,15.8999996185,16.2999992371,..,..,..,..,15.8000001907349,..,..,..,..,14.8000001907349,..,..,..,..,16.7000007629,..
Islas Caimán,CYM,Camas hospitalarias (por cada 1.000 personas),SH.MED.BEDS.ZS,..,..,..,..,..,..,..,..,..,..,..,..,..,..,..,..,..,..,..,..,..,..,..,..,..,..,..,..,..,..,..,..,..,..,..,..,..,..,..,..,..,..,..,3,..
Islas del Canal,CHI,Camas hospitalarias (por cada 1.000 personas),SH.MED.BEDS.ZS,..,..,..,..,..,..,..,..,..,..,..,..,..,..,..,..,..,..,..,..,..,..,..,..,..,..,..,..,..,..,..,..,..,..,..,..,..,10.595100402832,10.6512002944946,..,..,..,..,..,..
Islas Feroe,FRO,Camas hospitalarias (por cada 1.000 personas),SH.MED.BEDS.ZS,..,..,..,..,..,..,..,..,..,..,..,..,..,..,..,..,..,..,..,..,..,..,..,..,..,..,..,..,..,..,..,..,..,..,..,..,..,..,..,..,..,..,..,..,..
Islas Marshall,MHL,Camas hospitalarias (por cada 1.000 personas),SH.MED.BEDS.ZS,..,..,..,..,..,..,..,..,..,2.7,2.7,..,..,..,..,..,..,..,..,..,2.1,..,..,..,..,..,..,..,..,..,..,..,..,..,..,..,..,..,..,..,..,..,..,2.2727000713,..
Islas Salomón,SLB,Camas hospitalarias (por cada 1.000 personas),SH.MED.BEDS.ZS,..,..,..,..,..,..,..,1.4,..,..,..,..,..,..,1.4,..,2.2,..,..,..,..,..,..,..,..,..,..,2.7481000423,..,..,..,..,..,..,..,..,..,5.68289995193481,..,..,..,..,..,0.8281000257,..
Islas Turcas y Caicos,TCA,Camas hospitalarias (por cada 1.000 personas),SH.MED.BEDS.ZS,..,..,..,..,..,..,..,..,..,..,..,..,..,..,..,..,..,..,..,..,..,..,..,..,..,..,..,..,..,..,..,..,..,..,..,..,..,..,..,..,..,..,..,..,..
Islas Vírgenes (EE.UU.),VIR,Camas hospitalarias (por cada 1.000 personas),SH.MED.BEDS.ZS,..,..,..,..,..,..,..,..,..,..,..,..,..,..,..,..,..,..,..,..,..,..,..,18.6800003052,..,..,..,..,..,..,..,..,..,..,..,..,..,..,..,..,..,..,..,4.8000001907,..
Islas Vírgenes Británicas,VGB,Camas hospitalarias (por cada 1.000 personas),SH.MED.BEDS.ZS,..,..,..,..,..,..,..,..,..,..,..,..,..,..,..,..,..,..,..,..,..,..,..,..,..,..,..,..,..,..,..,..,..,..,..,..,..,..,..,..,..,..,..,..,..
Israel,ISR,Camas hospitalarias (por cada 1.000 personas),SH.MED.BEDS.ZS,..,..,..,..,..,..,3.1,3.1,3.1,3.2,3.2,3.2,3.3,3.4,3.7,3.7,3.8,3.8,3.8,3.7,6.1199998856,6.0999999046,6.0500001907,6.0300002098,5.9800000191,6.1012001038,6.0778999329,5.9895000458,5.9699997902,6.28369998931885,6.31689977645874,6.2898998260498,6.38019990921021,6.50950002670288,6.49660015106201,6.54349994659424,6.76660013198853,6.72940015792847,6.79739999771118,..,..,..,..,6.2431998253,8.07929992675781
Italia,ITA,Camas hospitalarias (por cada 1.000 personas),SH.MED.BEDS.ZS,..,..,..,..,..,..,..,3.4,3.5,3.6,3.6,3.7,3.8,3.9,4,4,4.2,4.4,4.6,4.7,4.9000000954,5.5,5.9000000954,6.5,6.3000001907,6.5999999046,6.6999998093,6.9000000954,6.8000001907,7.09999990463257,7.5,7.80000019073486,8,8.30000019073486,8.5,8.89999961853027,9.10000038146973,9.39999961853027,9.60000038146973,9.80000019073486,10,10.3000001907349,10.3999996185303,7.1999998093,10.6000003814697
Jamaica,JAM,Camas hospitalarias (por cada 1.000 personas),SH.MED.BEDS.ZS,..,..,..,..,..,..,1.7,1.7,..,1.8,1.7,..,1.7,2,1.7,1.8,1.3999999762,1.5,1.5,..,..,..,..,2.1199998856,2.1,..,2.1003000736,..,..,2.40009999275208,..,..,..,3.33330011367798,..,..,..,..,..,..,..,..,..,2.2000000477,4.99949979782104
Japón,JPN,Camas hospitalarias (por cada 1.000 personas),SH.MED.BEDS.ZS,..,..,..,..,..,..,..,13.4,..,..,13.7,13.8,..,13.98,14.1,13.9,14.3000001907,14.3999996185,12.9,14.6999998093,14.8000001907,15,15.1000003815,15.1999998093,15.3999996185,15.5,15.6000003815,..,..,..,..,..,..,14.6999998092651,..,..,..,..,13.6999998092651,..,..,..,..,..,..
Jordania,JOR,Camas hospitalarias (por cada 1.000 personas),SH.MED.BEDS.ZS,..,..,..,..,1.4,1.9,1.8,1.8,1.8,1.8,1.8,1.8,1.9,1.9,1.7,1.7,1.7,1.7,1.7,1.7,..,..,1.7999999523,..,..,1.6302000284,..,..,..,..,..,..,..,1.20550000667572,..,..,..,1.2063000202179,1.25769996643066,..,..,..,..,1.7977999449,1.02600002288818
Kazajstán,KAZ,Camas hospitalarias (por cada 1.000 personas),SH.MED.BEDS.ZS,..,..,..,..,..,..,6.7,7,7.1,7.3,7.6,7.7,7.7,7.8,7.8,7.8,7.7,7,7,7.2,7.25,8.1899995804,8.4499998093,10.3299999237,11.6499996185,12.1447000504,13.1665000916,13.4618997574,13.7089996338,13.6300001144409,13.5441999435425,13.5560998916626,13.5607004165649,13.5857000350952,13.5123996734619,13.3694000244141,13.3114995956421,13.229100227356,13.0934000015259,..,..,..,..,13.6660995483,..
Kenya,KEN,Camas hospitalarias (por cada 1.000 personas),SH.MED.BEDS.ZS,..,..,..,..,..,..,..,..,..,1.4,..,..,..,1.4,..,1.4,..,1.9,..,..,..,..,..,..,..,..,..,..,..,1.43620002269745,..,..,..,1.70710003376007,..,..,..,..,..,..,..,..,..,1.6471999884,1.25
Kirguistán,KGZ,Camas hospitalarias (por cada 1.000 personas),SH.MED.BEDS.ZS,..,..,..,..,..,..,4.5,4.6,4.7,4.8,4.8,5,5.1,5.1,5.1,5.1,5.3,5.5,6.2,7,7.4699997902,8.3000001907,8.6000003815,8.4099998474,8.6400003433,9.6052999496,10.7455997467,11.9320001602,12.0579996109,11.9720001220703,11.9474000930786,12.0642004013062,12.0309000015259,12.0304002761841,11.9771003723145,11.9364995956421,12.1033000946045,12.1184997558594,12.0114002227783,..,..,..,..,11.9772996902,..
Kiribati,KIR,Camas hospitalarias (por cada 1.000 personas),SH.MED.BEDS.ZS,..,..,..,..,1.9,..,..,..,1.3,1.4,1.5,..,..,..,1.51,1.5,..,..,..,..,..,1.7999999523,..,..,..,..,..,..,..,..,..,..,..,..,..,..,..,4.76830005645752,5.09469985961914,..,..,..,..,4.2718000412,..
Kosovo,XKX,Camas hospitalarias (por cada 1.000 personas),SH.MED.BEDS.ZS,..,..,..,..,..,..,..,..,..,..,..,..,..,..,..,..,..,..,..,..,..,..,..,..,..,..,..,..,..,..,..,..,..,..,..,..,..,..,..,..,..,..,..,..,..
Kuwait,KWT,Camas hospitalarias (por cada 1.000 personas),SH.MED.BEDS.ZS,..,..,..,..,..,2,2.2,2.2,1.9,2,1.8,1.8,1.9,1.9,1.9,2.1,2.2,2.2,2.3,2.4,..,..,2.7599999905,..,..,..,..,..,..,2.98539996147156,..,..,..,..,..,..,..,..,4.144700050354,..,..,..,..,..,..
Lesotho,LSO,Camas hospitalarias (por cada 1.000 personas),SH.MED.BEDS.ZS,..,..,..,..,..,..,..,..,..,..,..,..,..,1.3,..,..,..,..,..,..,..,..,..,..,..,..,..,..,..,..,..,..,..,..,..,..,..,..,..,..,..,..,..,..,1.62839996814728
Letonia,LVA,Camas hospitalarias (por cada 1.000 personas),SH.MED.BEDS.ZS,..,..,..,..,..,..,5.8,5.9,5.9,5.7,6.7,7.8,7.8,7.8,7.9,7.9,8,7.9,8.3,8.8,9.029999733,9.4099998474,9.8000001907,10.4399995804,11.1899995804,12.0551996231,12.2314996719,12.9406003952,13.6218996048,14.0235004425049,14.0949001312256,14.2390003204346,14.1928997039795,14.3086004257202,..,..,..,..,13.8909997940063,..,..,..,..,14.0754003525,..
Líbano,LBN,Camas hospitalarias (por cada 1.000 personas),SH.MED.BEDS.ZS,..,..,..,..,..,2.9,2.9,3.5,3.5,3.5,3.5,3.4,3.4,3.6,3.6,3,3,3,3,3.1,..,..,2.7000000477,..,..,..,..,3.0827000141,..,..,..,..,..,..,..,..,..,..,..,..,..,..,..,1.6505999565,..
Liberia,LBR,Camas hospitalarias (por cada 1.000 personas),SH.MED.BEDS.ZS,..,..,..,..,..,..,..,..,..,0.8,0.7,..,..,..,..,..,..,..,..,..,..,..,..,..,..,..,..,..,..,..,..,..,..,..,..,..,..,..,..,..,..,..,..,..,1.64699995517731
Libia,LBY,Camas hospitalarias (por cada 1.000 personas),SH.MED.BEDS.ZS,..,..,..,..,..,3.7,3.7,3.7,3.7,3.7,3.7,3.7,3.7,3.7,3.4,3.9,3.9,3.9,3.9,4.1,..,..,4.3000001907,..,..,..,..,..,..,..,..,..,..,..,..,..,..,4.82550001144409,..,..,..,..,..,4.1729998589,..
Liechtenstein,LIE,Camas hospitalarias (por cada 1.000 personas),SH.MED.BEDS.ZS,..,..,..,..,..,..,..,..,..,..,..,..,..,..,..,..,..,..,..,..,..,..,..,..,..,..,..,..,..,..,..,..,..,..,..,..,..,..,..,..,..,..,..,..,..
Lituania,LTU,Camas hospitalarias (por cada 1.000 personas),SH.MED.BEDS.ZS,..,..,..,..,..,..,7.3,7.4,7.4,7.2,7.2,7.2,7.2,7.1,7.3,7.6,7.9,8.1,8.3,8.8,9.8500003815,10.029999733,10.1899995804,10.8800001144,11.0900001526,11.2838001251,11.9105997086,12.0453996658,12.4653997421,12.6358003616333,12.8053998947144,12.8029003143311,12.7692003250122,12.7760000228882,..,..,..,..,12.0663995742798,..,..,..,..,12.4871997833,..
Luxemburgo,LUX,Camas hospitalarias (por cada 1.000 personas),SH.MED.BEDS.ZS,..,..,..,..,4.8,4.9,5.1,5.2,5.3,5.4,5.5,5.6,5.7,5.7,5.8,6.4,6,6,6.0999999046,6.1999998093,6.3000001907,6.8000001907,6.9000000954,7,7.0999999046,7.1999998093,7.4000000954,7.3000001907,7.5,7.80000019073486,7.90000009536743,8,8.10000038146973,..,..,..,..,..,..,..,..,..,..,7.5999999046,..
Macedonia del Norte,MKD,Camas hospitalarias (por cada 1.000 personas),SH.MED.BEDS.ZS,..,..,..,..,..,..,4.4,4.4,4.5,4.6,4.5,4.5,4.6,4.6,4.7,4.8,4.8,4.8,4.9,5.1,5.0999999046,5.1500000954,5.1599998474,5.1999998093,5.4099998474,5.5500001907,5.6005997658,5.6964001656,5.7873001099,5.49900007247925,5.47429990768433,5.43359994888306,5.49949979782104,5.51189994812012,5.40290021896362,5.3383002281189,5.36460018157959,5.18160009384155,5.19850015640259,5.24370002746582,5.17379999160767,5.26980018615723,5.31090021133423,5.9477000237,5.4443998336792
Madagascar,MDG,Camas hospitalarias (por cada 1.000 personas),SH.MED.BEDS.ZS,..,..,..,..,..,..,..,..,..,0.2,..,..,..,..,0.3,..,..,0.4199999869,..,..,..,..,..,..,..,..,..,..,..,..,..,..,..,..,..,..,..,..,..,..,..,..,..,0.9359999895,2.43129992485046
Malasia,MYS,Camas hospitalarias (por cada 1.000 personas),SH.MED.BEDS.ZS,..,..,..,..,1.9,..,..,1.9,1.79,1.8,1.8,..,1.76,1.9,1.8,..,..,..,1.8,..,..,..,..,2.0099999905,2.0299999714,2.0215001106,2.0295000076,2.0606999397,2.0938999653,2.33949995040894,..,2.47790002822876,..,2.5576000213623,..,..,..,2.27830004692078,..,..,..,..,..,2.1305999756,3.34669995307922
Malawi,MWI,Camas hospitalarias (por cada 1.000 personas),SH.MED.BEDS.ZS,..,..,..,..,..,..,..,..,1.3,..,..,..,1.1,..,..,..,..,..,..,..,..,1.3400000334,..,..,..,..,..,..,..,0.841899991035461,..,..,..,..,..,..,..,..,..,..,..,..,..,1.5506999493,..
Maldivas,MDV,Camas hospitalarias (por cada 1.000 personas),SH.MED.BEDS.ZS,..,..,..,..,..,..,..,..,..,..,4.3,..,..,..,2.6,..,2.3,2.26,..,1.7000000477,..,..,..,..,..,..,..,..,..,..,..,..,..,..,..,..,..,..,..,..,..,..,..,0.7627999783,..
Malí,MLI,Camas hospitalarias (por cada 1.000 personas),SH.MED.BEDS.ZS,..,..,..,..,..,..,..,..,..,0.1,..,0.6,..,..,0.3,..,..,..,..,..,..,0.2399999946,..,..,..,..,..,..,..,..,..,..,..,..,..,..,..,..,..,..,..,..,..,..,0.714299976825714
Malta,MLT,Camas hospitalarias (por cada 1.000 personas),SH.MED.BEDS.ZS,..,..,..,..,..,4.7,4.8,4.7,4.4,4.5,4.8,7.4,7.8,7.6,7.4,7.5,7.4,7.5,7.6,5.5,5.5700001717,5.6100001335,5.6399998665,5.7800002098,5.4299998283,5.6210999489,5.8432002068,..,..,9.44110012054443,9.25730037689209,9.33530044555664,..,..,9.46389961242676,..,..,..,..,..,..,..,..,..,..
Mariana,MNP,Camas hospitalarias (por cada 1.000 personas),SH.MED.BEDS.ZS,..,..,..,..,..,..,..,..,..,..,..,..,..,..,..,..,..,..,..,..,..,..,..,..,..,..,..,..,..,..,..,..,..,..,..,..,..,..,..,..,..,..,..,..,..
Marruecos,MAR,Camas hospitalarias (por cada 1.000 personas),SH.MED.BEDS.ZS,..,..,..,..,..,1.1,0.9,0.9,0.9,1.1,1.1,1.1,0.9,0.9,0.9,0.9,0.8,1.1,0.9,1.1,..,..,0.9800000191,..,..,1.1123000383,..,..,..,..,..,..,..,1.26689994335175,..,..,..,1.22819995880127,..,..,..,..,..,1.2899999619,1.42859995365143
Mauricio,MUS,Camas hospitalarias (por cada 1.000 personas),SH.MED.BEDS.ZS,..,..,..,..,..,..,..,..,3.4,..,..,3.3,..,..,3,..,..,..,..,..,..,..,..,..,..,3.0745999813,3.0947999954,3.1350998878,2.8866000175,..,..,..,..,3.34649991989136,..,..,..,..,3.12220001220703,..,..,..,..,..,3.29970002174377
Mauritania,MRT,Camas hospitalarias (por cada 1.000 personas),SH.MED.BEDS.ZS,..,..,..,..,..,..,..,..,..,..,..,..,..,0.4,..,..,..,..,..,..,..,..,..,..,..,..,..,..,..,..,..,..,..,..,0.767599999904633,..,..,..,..,..,..,..,..,0.6654000282,0.344300001859665
México,MEX,Camas hospitalarias (por cada 1.000 personas),SH.MED.BEDS.ZS,..,..,..,..,1.5,..,1.6,1.5,1.5,1.7,1.6,1.6,1.7,1.6,..,1,1,1.1000000238,1.1000000238,1.1000000238,1.1000000238,1.1000000238,1.1000000238,1.2000000477,1.2000000477,1.2000000477,1.2000000477,1.2000000477,1.1000000238,..,..,..,..,..,..,..,..,..,0.699999988079071,..,..,..,..,1,..
Micronesia (Estados Federados de),FSM,Camas hospitalarias (por cada 1.000 personas),SH.MED.BEDS.ZS,..,..,..,..,..,..,..,..,..,..,3.2,..,..,3.31,3.3,..,..,..,..,2.8,..,..,..,..,..,..,..,..,..,3.4672999382019,..,..,..,..,..,..,..,..,..,..,..,..,..,..,..
Mónaco,MCO,Camas hospitalarias (por cada 1.000 personas),SH.MED.BEDS.ZS,..,..,..,..,..,..,..,13.8,16.46,..,..,..,..,..,..,..,..,..,..,..,..,..,..,..,19.5699996948,..,..,21.6786003113,..,18.1070995330811,..,..,..,..,..,..,..,..,..,..,..,..,..,..,..
Mongolia,MNG,Camas hospitalarias (por cada 1.000 personas),SH.MED.BEDS.ZS,..,..,..,..,..,..,..,7,6.75,5.8,5.9,..,6.11,6.4,..,6,..,7.5,..,..,..,..,..,..,..,..,..,..,11.4864997864,..,..,..,..,..,..,..,..,11.0289001464844,11.1971998214722,..,..,..,..,..,..
Montenegro,MNE,Camas hospitalarias (por cada 1.000 personas),SH.MED.BEDS.ZS,..,..,..,..,..,..,..,4,4,4,3.9,3.9,4,4.1,4.2,4.2,4.2,4.2,4.3,4.2,..,..,..,..,..,..,..,..,..,..,..,..,..,..,..,..,..,..,..,..,..,..,..,..,..
Mozambique,MOZ,Camas hospitalarias (por cada 1.000 personas),SH.MED.BEDS.ZS,..,..,..,..,..,..,..,..,0.7,..,..,..,0.8,0.8,..,..,..,..,..,..,..,..,..,..,..,..,..,..,..,..,..,..,..,..,..,..,..,..,1.0896999835968,..,..,..,..,0.8671000004,..
Myanmar,MMR,Camas hospitalarias (por cada 1.000 personas),SH.MED.BEDS.ZS,..,..,..,..,..,..,..,0.9,..,..,..,..,..,0.6,..,..,..,0.63,..,0.7,..,..,..,..,..,..,..,..,..,..,..,..,..,..,..,..,..,0.857599973678589,0.857100009918213,..,..,..,..,0.635800004,..
Namibia,NAM,Camas hospitalarias (por cada 1.000 personas),SH.MED.BEDS.ZS,..,..,..,..,..,..,..,..,..,..,2.7,..,..,3.3,..,..,..,..,..,..,..,..,..,..,..,..,..,..,..,..,..,..,..,..,..,..,..,..,..,..,..,..,..,..,..
Nauru,NRU,Camas hospitalarias (por cada 1.000 personas),SH.MED.BEDS.ZS,..,..,..,..,..,..,..,..,..,5,..,..,3.5,..,..,3.5,..,..,..,..,..,..,..,..,..,..,..,..,..,..,..,..,..,..,..,..,..,..,..,..,..,..,..,..,..
Nepal,NPL,Camas hospitalarias (por cada 1.000 personas),SH.MED.BEDS.ZS,..,..,..,..,..,..,..,0.3,..,..,..,..,..,5,..,..,..,0.15,0.2,..,0.200000003,..,0.1700000018,0.1599999964,0.1700000018,0.2322999984,0.2387000024,0.2425999939,0.2372000068,0.244299992918968,0.239800006151199,0.226999998092651,..,0.18019999563694,..,..,..,..,0.175600007176399,..,..,..,..,0.243599996,0.137700006365776
Nicaragua,NIC,Camas hospitalarias (por cada 1.000 personas),SH.MED.BEDS.ZS,..,..,..,..,..,0.9,0.9,0.9,1.1,0.8,..,0.9,0.9,1,0.9,0.9,0.8999999762,..,..,..,..,..,..,1.4800000191,..,..,1.7999999523,..,..,1.82690000534058,..,..,..,2.40599989891052,..,..,..,..,..,..,..,..,..,1.8213000298,2.41190004348755
Níger,NER,Camas hospitalarias (por cada 1.000 personas),SH.MED.BEDS.ZS,..,..,..,..,0.3,..,..,..,..,..,..,..,..,..,0.3,..,..,..,..,..,..,0.1199999973,0.1800000072,0.1199999973,0.1199999973,0.194600001,..,..,..,..,..,0.543900012969971,..,..,..,..,..,..,..,..,..,..,..,..,0.495299994945526
Nigeria,NGA,Camas hospitalarias (por cada 1.000 personas),SH.MED.BEDS.ZS,..,..,..,..,..,..,..,..,..,..,..,..,..,..,..,0.5,..,..,..,1.2,..,..,..,..,..,..,..,..,..,..,6.37029981613159,..,..,..,..,..,..,..,0.866199970245361,..,..,..,..,1.668200016,0.555800020694733
Noruega,NOR,Camas hospitalarias (por cada 1.000 personas),SH.MED.BEDS.ZS,..,..,..,..,..,..,3.9,4,4.2,4.3,4.5,4.6,4.9,5,5.2,5.2,5,5,3.8,3.8,3.9000000954,4,4,4,4,4.0999999046,4.1999998093,4.3000001907,4.4000000954,4.80000019073486,5.30000019073486,5.69999980926514,5.90000009536743,..,..,..,..,..,..,..,..,..,..,4.5999999046,..
Nueva Caledonia,NCL,Camas hospitalarias (por cada 1.000 personas),SH.MED.BEDS.ZS,..,..,..,..,..,..,..,..,..,..,..,..,..,..,..,..,..,..,..,..,..,..,..,..,..,..,..,..,..,..,..,..,..,..,..,..,..,..,..,..,..,..,..,..,..
Nueva Zelandia,NZL,Camas hospitalarias (por cada 1.000 personas),SH.MED.BEDS.ZS,..,..,..,..,..,..,2.8,..,2.3,..,..,..,..,..,..,..,..,6.2,..,..,..,6.1999998093,6.0999999046,6.0999999046,6.1999998093,6.6999998093,6.5,7.0999999046,7.4000000954,..,..,..,..,9.5,..,..,..,..,10.1999998092651,..,..,..,..,8.5,..
Omán,OMN,Camas hospitalarias (por cada 1.000 personas),SH.MED.BEDS.ZS,..,..,..,..,..,1.6,1.7,1.7,1.8,1.8,1.9,2,2,2.1,2.1,2.2,2,2,2.1,2.2,..,2.2000000477,..,..,..,..,..,..,..,2.50720000267029,..,..,..,..,..,..,..,1.60759997367859,1.62030005455017,..,..,..,..,2.1087999344,..
Países Bajos,NLD,Camas hospitalarias (por cada 1.000 personas),SH.MED.BEDS.ZS,..,..,..,..,..,..,..,..,..,..,4.7,4.7,4.7,4.8,4.5,4.5,4.5,4.6,4.7,4.8,5,5.0999999046,5.1999998093,5.1999998093,5.3000001907,5.4000000954,5.5999999046,5.6999998093,5.6999998093,..,..,..,..,..,..,..,..,..,..,..,..,..,..,5.8000001907,..
Pakistán,PAK,Camas hospitalarias (por cada 1.000 personas),SH.MED.BEDS.ZS,..,..,..,..,..,0.6,0.6,0.6,0.6,0.6,0.6,0.6,1,1.3,0.7,0.7,0.7,0.7,0.7,0.7,..,..,..,..,..,..,0.6514999866,0.6446999907,0.6521999836,0.604300022125244,..,..,0.599500000476837,..,..,..,..,0.5692999958992,0.573099970817566,..,..,..,..,0.6399999857,0.526300013065338
Palau,PLW,Camas hospitalarias (por cada 1.000 personas),SH.MED.BEDS.ZS,..,..,..,..,..,..,..,..,..,4.8,4.9,..,5,5.9,..,..,..,..,..,..,..,4.4,..,..,..,..,..,..,..,..,..,..,..,..,..,..,..,..,..,..,..,..,..,..,..
Panamá,PAN,Camas hospitalarias (por cada 1.000 personas),SH.MED.BEDS.ZS,..,..,..,..,..,..,2.3,2.3,2.2,2.4,2.3,2.3,2.3,2.3,2.2,2.4,..,2.5,..,..,..,..,..,2.2100000381,..,..,2.7000000477,..,..,..,..,..,..,3.35330009460449,..,..,..,..,..,..,..,..,..,2.5,3.38170003890991
Papua Nueva Guinea,PNG,Camas hospitalarias (por cada 1.000 personas),SH.MED.BEDS.ZS,..,..,..,..,..,..,..,..,..,..,..,..,..,..,..,..,..,..,..,..,..,..,..,..,..,..,..,..,..,3.32990002632141,..,..,..,4.73540019989014,4.99830007553101,..,..,..,5.54440021514893,..,..,..,..,4.0241999626,4.94320011138916
Paraguay,PRY,Camas hospitalarias (por cada 1.000 personas),SH.MED.BEDS.ZS,..,..,..,..,..,..,..,..,1.3,1.3,1.3,1.3,1.3,1.3,1.2,..,..,1.2000000477,..,..,..,..,..,1.3400000334,..,0.6008999944,1.2999999523,..,..,1.32009994983673,..,..,..,..,..,..,..,..,..,..,..,..,..,0.9322000146,1.68299996852875
Perú,PER,Camas hospitalarias (por cada 1.000 personas),SH.MED.BEDS.ZS,..,..,..,..,..,1.6,1.5,1.5,1.5,1.5,1.6,1.5,1.2,..,..,0.9,1.3999999762,..,..,..,..,..,..,1.4700000286,..,1.3571000099,1.2999999523,1.5,..,..,..,..,..,1.68449997901917,..,..,..,..,..,..,..,..,..,1.4132000208,2.5
Polinesia Francesa,PYF,Camas hospitalarias (por cada 1.000 personas),SH.MED.BEDS.ZS,..,..,..,..,..,..,..,..,..,..,..,..,..,..,..,..,..,..,..,..,..,..,..,..,..,..,..,..,..,..,..,..,..,..,..,..,..,..,..,..,..,..,..,..,..
Polonia,POL,Camas hospitalarias (por cada 1.000 personas),SH.MED.BEDS.ZS,..,..,..,..,..,..,6.5,6.5,6.5,6.5,6.7,6.6,6.4,6.5,6.5,6.7,6.7,5.5999999046,..,4.9000000954,5.0999999046,5.3000001907,5.4000000954,5.5,5.5,5.5999999046,5.5999999046,5.5999999046,5.6999998093,..,..,..,..,5.69999980926514,..,..,..,..,5.59999990463257,..,..,..,..,5.6999998093,..
Portugal,PRT,Camas hospitalarias (por cada 1.000 personas),SH.MED.BEDS.ZS,..,..,..,..,..,..,3.4,3.4,3.4,3.4,3.4,3.4,3.4,3.5,3.6,3.6,3.6,3.6,3.6,3.7,3.7999999523,3.9000000954,3.9000000954,4,3.9000000954,3.9000000954,3.9000000954,4,4.0999999046,4.09999990463257,4,4,4,4,..,..,..,..,..,..,..,..,..,4.0999999046,..
Puerto Rico,PRI,Camas hospitalarias (por cada 1.000 personas),SH.MED.BEDS.ZS,..,..,..,..,..,..,..,..,..,..,..,..,..,..,..,..,..,..,..,..,..,..,..,3.3199999332,..,..,..,..,..,..,..,..,..,..,..,..,..,..,..,..,..,..,..,..,..
Qatar,QAT,Camas hospitalarias (por cada 1.000 personas),SH.MED.BEDS.ZS,..,..,..,..,..,1.2,1.4,1.2,1.2,1.2,1.4,2.5,2.5,2.5,2.4,2.4,2.4,2.4,2.4,2.4,..,..,1.6499999762,..,..,..,..,..,..,2.30029988288879,..,..,..,..,..,..,..,2.93959999084473,..,..,..,..,..,..,..
"Región Administrativa Especial de Macao, China",MAC,Camas hospitalarias (por cada 1.000 personas),SH.MED.BEDS.ZS,..,..,..,..,..,..,..,..,..,..,..,..,..,..,..,..,..,..,..,..,..,..,..,..,..,..,..,..,..,..,..,..,..,..,..,..,..,..,..,..,..,..,..,..,..
Reino Unido,GBR,Camas hospitalarias (por cada 1.000 personas),SH.MED.BEDS.ZS,..,..,..,..,..,..,2.8,2.8,2.9,3,3.3,3.4,3.4,3.6,3.7,3.9,4,4,4,4.1,4.1999998093,4.4000000954,4.5999999046,4.5999999046,4.8000001907,4.8000001907,5.0999999046,5.4000000954,5.5999999046,..,..,..,..,7.40000009536743,..,..,..,..,8.10000038146973,..,..,..,..,5.9000000954,..
República Árabe Siria,SYR,Camas hospitalarias (por cada 1.000 personas),SH.MED.BEDS.ZS,..,..,..,..,..,1.5,1.5,1.5,1.6,1.5,1.5,1.5,1.5,1.5,1.3,1.5,1.5,1.4,1.4,1.4,1.3999999762,1.5,..,1.5,..,..,..,..,..,..,..,..,..,..,..,..,..,1.14579999446869,1.10450005531311,..,..,..,..,1.0865000486,1
República Centroafricana,CAF,Camas hospitalarias (por cada 1.000 personas),SH.MED.BEDS.ZS,..,..,..,..,..,..,..,..,1,..,..,..,..,1.2,..,..,..,..,..,..,..,..,..,..,..,..,..,..,..,..,..,..,..,..,..,..,..,..,1.55859994888306,..,..,..,..,0.8731999993,..
República Checa,CZE,Camas hospitalarias (por cada 1.000 personas),SH.MED.BEDS.ZS,..,..,..,..,6.5,..,6.5,6.7,6.8,7,7.1,7.2,7.3,7.4,7.6,7.6,7.7,7.8,7.8,7.8,..,..,..,..,..,10.1999998093,10.3999996185,10.6999998093,11.1000003815,..,..,..,..,11.3999996185303,..,..,..,..,11.3000001907349,..,..,..,..,11.3000001907,..
República de Moldova,MDA,Camas hospitalarias (por cada 1.000 personas),SH.MED.BEDS.ZS,..,..,..,..,..,..,5.8,6.2,6.2,6.2,6.2,6.1,6.1,6.3,6.4,6.4,6.7,5.8,5.9,6,8.1899995804,11.2299995422,11.6199998856,12.1300001144,12.2100000381,12.2215003967,12.4827003479,12.7903003693,13.1162004471,12.727499961853,12.7636995315552,12.6675996780396,12.4355001449585,12.2204999923706,12.143500328064,12.0797996520996,12.0510997772217,12.0820999145508,12.0548000335693,..,..,..,..,13.1478004456,..
República Democrática Popular Lao,LAO,Camas hospitalarias (por cada 1.000 personas),SH.MED.BEDS.ZS,..,..,..,..,..,..,..,1.5,..,0.7,..,..,..,..,1.2,..,..,0.9,..,..,..,..,..,..,..,..,..,..,..,..,..,..,..,..,..,..,..,..,..,..,..,..,..,2.5697999001,..
República Dominicana,DOM,Camas hospitalarias (por cada 1.000 personas),SH.MED.BEDS.ZS,..,..,..,..,..,1.6,1.6,..,1.7,1.6,1,1,1,..,2,..,2.0999999046,..,..,..,..,..,..,1.5,..,..,2,..,..,..,..,..,..,..,..,..,..,..,..,..,..,..,..,1.8812999725,2.50149989128113
República Eslovaca,SVK,Camas hospitalarias (por cada 1.000 personas),SH.MED.BEDS.ZS,..,..,..,..,5.8,..,5.8,5.9,6.1,6.4,6.5,6.6,6.8,6.7,6.8,6.9,7.2,7.6,7.7,7.8,8,8,8.1000003815,8.3000001907,..,7.0992999077,7.8740000725,7.5609002113,7.5778999329,8.81631,8.81316,8.95051,8.94222,8.95471,..,..,..,..,..,..,..,..,..,7.4482002258,..
Ribera Occidental y Gaza,PSE,Camas hospitalarias (por cada 1.000 personas),SH.MED.BEDS.ZS,..,..,..,..,..,..,..,..,..,..,..,..,..,..,..,..,..,..,..,..,..,..,..,1.2000000477,..,..,..,..,..,..,..,..,..,..,..,..,..,..,..,..,..,..,..,..,..
Rumania,ROU,Camas hospitalarias (por cada 1.000 personas),SH.MED.BEDS.ZS,..,..,..,..,..,..,6.3,6.2,6.1,6.3,6.6,6.6,6.5,6.7,6.8,6.7,6.7,7.7,7.7,7.7,7.3099999428,7.3099999428,7.3800001144,7.5599999428,7.6399998665,7.6944999695,7.8699002266,7.8621001244,8.9221000671,8.93710041046143,8.94219970703125,8.95020008087158,8.94659996032715,8.94040012359619,8.89579963684082,..,8.81070041656494,8.7750997543335,8.77620029449463,..,..,..,..,8.9198999405,..
Rwanda,RWA,Camas hospitalarias (por cada 1.000 personas),SH.MED.BEDS.ZS,..,..,..,..,..,..,..,..,..,..,..,..,1.6,1.6,..,1.7,..,..,..,..,..,..,..,..,..,..,..,..,..,0.867900013923645,..,..,..,..,..,..,..,1.47809994220734,1.52799999713898,..,..,..,..,1.6519999504,1.24259996414185
Saint Kitts y Nevis,KNA,Camas hospitalarias (por cada 1.000 personas),SH.MED.BEDS.ZS,..,..,..,..,..,..,..,2.3,4.8,4.8,6,5.5,..,..,5.7,6,5.5,5.5,4.3,..,..,..,..,6.3600001335,6.4,..,..,..,..,..,..,..,..,..,..,..,..,..,8.53600025177002,..,..,..,..,9.1999998093,..
Samoa,WSM,Camas hospitalarias (por cada 1.000 personas),SH.MED.BEDS.ZS,..,..,..,..,..,..,..,..,..,..,..,..,..,..,1,..,2.04,1.5,..,3.2999999523,..,..,..,..,..,..,..,..,..,..,..,..,..,..,..,..,..,4.36399984359741,4.4967999458313,..,..,..,..,..,..
Samoa Americana,ASM,Camas hospitalarias (por cada 1.000 personas),SH.MED.BEDS.ZS,..,..,..,..,..,..,..,..,..,..,..,..,..,..,..,..,..,..,..,..,..,..,..,..,..,..,..,..,..,..,..,..,..,..,..,..,..,..,..,..,..,..,..,..,..
San Marino,SMR,Camas hospitalarias (por cada 1.000 personas),SH.MED.BEDS.ZS,..,..,..,..,..,..,..,3.8,3.85,..,..,..,..,..,..,..,..,..,..,..,..,..,..,..,..,..,..,..,..,7.44500017166138,7.65700006484985,6.65899991989136,6.69999980926514,6.76800012588501,6.82000017166138,..,..,..,6.67199993133545,..,..,..,..,7.1599998474,..
San Vicente y las Granadinas,VCT,Camas hospitalarias (por cada 1.000 personas),SH.MED.BEDS.ZS,..,..,..,..,..,2.6,2.5,5.2,2.7,2.6,..,..,3,..,4.5,4.5,4.5,4.5,4.7,..,..,..,..,1.8500000238,..,..,5.0152997971,..,..,..,..,..,..,..,..,..,..,..,..,..,..,..,..,4.6999998093,..
Santa Lucía,LCA,Camas hospitalarias (por cada 1.000 personas),SH.MED.BEDS.ZS,..,..,..,..,..,..,1.3,..,1.6,..,1.5,..,2.8,2.9,3,..,2.9,3.2000000477,..,2.3,..,..,..,3.3800001144,3.3,..,4.3517999649,..,..,..,..,..,..,..,..,..,..,..,..,..,..,..,..,4,..
Santo Tomé y Príncipe,STP,Camas hospitalarias (por cada 1.000 personas),SH.MED.BEDS.ZS,..,..,..,..,..,..,..,..,2.9,..,..,..,..,3.2,..,..,3.2,..,..,..,..,..,..,..,..,..,..,..,4.7372999191,..,..,..,..,..,..,..,..,..,..,..,..,..,..,..,..
Senegal,SEN,Camas hospitalarias (por cada 1.000 personas),SH.MED.BEDS.ZS,..,..,..,..,..,..,..,..,..,..,..,0.3,0.1,..,..,..,..,..,..,..,..,0.400000006,..,0.4499999881,..,0.2475000024,..,..,..,0.523999989032745,..,..,..,..,..,..,..,..,..,..,..,..,..,0.7296000123,1.29009997844696
Serbia,SRB,Camas hospitalarias (por cada 1.000 personas),SH.MED.BEDS.ZS,..,..,..,..,..,..,..,5.7,5.6,5.6,5.5,5.5,5.5,5.7,5.9,..,..,..,..,..,..,..,..,..,..,..,..,..,..,..,..,..,..,..,..,..,..,..,..,..,..,..,..,..,..
Seychelles,SYC,Camas hospitalarias (por cada 1.000 personas),SH.MED.BEDS.ZS,..,..,..,..,..,..,..,..,3.6,..,3.9,..,..,5.7,..,..,..,..,..,..,..,..,..,..,..,..,..,..,..,6.28329992294312,..,..,..,4.82200002670288,..,..,..,..,..,..,..,..,..,..,4.94969987869263
Sierra Leona,SLE,Camas hospitalarias (por cada 1.000 personas),SH.MED.BEDS.ZS,..,..,..,..,..,..,..,..,..,..,..,..,..,0.4,..,..,..,..,..,..,..,..,..,..,..,..,..,..,..,..,..,..,..,..,..,..,..,..,1.21449995040894,..,..,..,..,..,0.906899988651276
Singapur,SGP,Camas hospitalarias (por cada 1.000 personas),SH.MED.BEDS.ZS,..,..,..,..,2.4,..,2.1,..,2,..,..,3.1,3.22,3.2,3.2,..,2.8,..,2.9000000954,..,..,..,..,..,..,3.5652000904,3.6426999569,3.4514000416,3.5471999645,..,..,..,..,..,..,..,..,3.90799999237061,3.95650005340576,..,..,..,..,3.6078000069,3.33330011367798
Sint Maarten (Dutch part),SXM,Camas hospitalarias (por cada 1.000 personas),SH.MED.BEDS.ZS,..,..,..,..,..,..,..,..,..,..,..,..,..,..,..,..,..,..,..,..,..,..,..,..,..,..,..,..,..,..,..,..,..,..,..,..,..,..,..,..,..,..,..,..,..
Somalia,SOM,Camas hospitalarias (por cada 1.000 personas),SH.MED.BEDS.ZS,..,..,..,..,..,0.9,0.9,..,..,..,..,..,..,..,..,0.4,0.4,0.4,0.4,0.4,..,..,0.400000006,..,..,..,..,..,..,..,0.906300008296967,..,..,..,..,..,..,..,..,..,..,..,..,0.7534999847,1.42200005054474
Sri Lanka,LKA,Camas hospitalarias (por cada 1.000 personas),SH.MED.BEDS.ZS,..,..,..,..,..,..,..,3.6,..,3.5,..,..,..,..,..,3.1,..,3.1,3,2.9,2.2000000477,..,..,..,..,..,..,..,..,2.40300011634827,..,..,..,..,..,..,..,2.93759989738464,2.94400000572205,..,..,..,..,2.7434999943,3.33330011367798
Sudáfrica,ZAF,Camas hospitalarias (por cada 1.000 personas),SH.MED.BEDS.ZS,..,..,..,..,..,..,..,..,..,..,..,..,..,..,2.8,..,..,..,..,..,..,..,..,..,..,..,..,..,..,..,..,..,..,..,..,..,..,..,..,..,..,..,..,..,..
Sudán,SDN,Camas hospitalarias (por cada 1.000 personas),SH.MED.BEDS.ZS,..,..,..,..,..,..,0.8,0.8,0.8,0.7,0.7,0.7,0.7,0.7,0.7,0.7,0.7,0.7,0.7,0.8,..,..,..,..,..,..,..,..,..,..,..,..,..,..,..,..,..,0.870199978351593,0.890699982643127,..,..,..,..,1.0880000591,0.9932000041008
Sudán del Sur,SSD,Camas hospitalarias (por cada 1.000 personas),SH.MED.BEDS.ZS,..,..,..,..,..,..,..,..,..,..,..,..,..,..,..,..,..,..,..,..,..,..,..,..,..,..,..,..,..,..,..,..,..,..,..,..,..,..,..,..,..,..,..,..,..
Suecia,SWE,Camas hospitalarias (por cada 1.000 personas),SH.MED.BEDS.ZS,..,..,..,..,..,..,2.6,2.6,2.7,2.7,2.8,2.8,2.9,2.9,2.9,3,3.1,3.1,3.3,3.6,3.7000000477,3.7999999523,5.2,4.4000000954,4.9000000954,6.5,7,7.5999999046,11.8999996185,..,..,..,..,14.6000003814697,..,..,..,..,15.1000003814697,..,..,..,..,12.3999996185,..
Suiza,CHE,Camas hospitalarias (por cada 1.000 personas),SH.MED.BEDS.ZS,..,..,..,..,..,..,4.7,4.8,4.9,5,5.1,5.2,5.4,5.4,5.5,5.7,5.8,5.9,6,6.3,..,..,..,..,..,..,..,..,19.8999996185,..,..,..,..,..,..,..,..,..,..,..,..,..,..,..,..
Suriname,SUR,Camas hospitalarias (por cada 1.000 personas),SH.MED.BEDS.ZS,..,..,..,..,..,..,..,..,..,3.1,2.6,..,3.1,3.3,..,3.1,..,..,3.5999999046,3.9,..,..,..,3.7400000095,3.1,..,..,..,..,..,..,..,..,..,..,..,..,..,8.92679977416992,..,..,..,..,5.6999998093,..
Tailandia,THA,Camas hospitalarias (por cada 1.000 personas),SH.MED.BEDS.ZS,..,..,..,..,..,..,..,..,..,2.1,..,..,..,..,2.1,..,..,2.2,..,2.2,2.2000000477,..,..,..,1.9900000095,..,..,1.7066999674,1.6612999439,..,..,..,..,..,..,..,..,..,1.53509998321533,..,..,..,..,1.6325999498,1.11189997196198
Tanzanía,TZA,Camas hospitalarias (por cada 1.000 personas),SH.MED.BEDS.ZS,..,..,..,..,..,..,..,..,..,0.7,..,..,..,1.1,..,..,..,..,..,..,..,..,..,..,..,..,..,0.8902999759,..,..,1.09039998054504,..,..,..,1.30309998989105,..,1.36580002307892,..,1.39750003814697,..,1.4371999502182,..,1.43130004405975,1.024600029,..
Tayikistán,TJK,Camas hospitalarias (por cada 1.000 personas),SH.MED.BEDS.ZS,..,..,..,..,..,..,4.8,4.8,4.9,5,5.2,5.3,5.4,6.1,5.9,6,6.1,6.3,6.4,6.5,6.8000001907,6.9099998474,7.2199997902,7.4699997902,8.1999998093,8.9413003922,10.6812000275,11.2423000336,10.9629001617,10.6297998428345,10.6742000579834,10.6555995941162,10.6449003219604,10.6448001861572,..,..,..,..,..,..,..,..,..,10.6618003845,..
Timor-Leste,TLS,Camas hospitalarias (por cada 1.000 personas),SH.MED.BEDS.ZS,..,..,..,..,..,..,..,..,..,5.9,5.9,..,..,..,..,..,..,..,..,..,..,..,..,..,..,..,..,..,..,..,..,..,..,..,..,..,..,..,..,..,..,..,..,..,..
Togo,TGO,Camas hospitalarias (por cada 1.000 personas),SH.MED.BEDS.ZS,..,..,..,..,..,..,..,..,0.7,..,..,..,..,..,0.9,..,..,..,..,..,..,..,..,..,..,..,..,..,..,..,..,..,..,..,..,..,..,..,..,..,..,..,..,1.5111000538,1.43990004062653
Tonga,TON,Camas hospitalarias (por cada 1.000 personas),SH.MED.BEDS.ZS,..,..,..,..,..,..,..,..,..,2.6,..,2.4,..,..,..,2.4,..,..,3.2000000477,..,..,..,..,..,..,..,..,..,..,..,..,..,..,..,..,..,..,3.53940010070801,3.44679999351501,..,..,..,..,..,..
Trinidad y Tobago,TTO,Camas hospitalarias (por cada 1.000 personas),SH.MED.BEDS.ZS,..,..,..,..,..,3,2.7,2.7,..,2.1,2.6,2.5,2.7,2.7,2.6,..,3.3,..,3.4000000954,3.3,..,..,..,5.1100001335,3.8,..,3.2425999641,..,..,..,..,..,5.03730010986328,..,..,..,..,..,..,..,..,..,..,4,4.98519992828369
Túnez,TUN,Camas hospitalarias (por cada 1.000 personas),SH.MED.BEDS.ZS,..,..,..,..,2.3,2.2,2.1,2.1,2.1,2.1,2.1,2,1.8,2,1.8,2.1,1.7,1.7,1.7,1.7,..,..,1.7000000477,2,..,1.761500001,..,2.8573000431,2.0123000145,1.96570003032684,..,..,..,..,..,..,..,..,2.12579989433289,..,..,..,..,1.9167000055,2.5
Turkmenistán,TKM,Camas hospitalarias (por cada 1.000 personas),SH.MED.BEDS.ZS,..,..,..,..,..,..,7.4,7.4,7.5,7.6,7.6,7.7,7.8,8.2,8.4,8.1,8.3,8.2,8.4,9.1,..,..,7.1100001335,8.0100002289,10.2600002289,11.470700264,11.678899765,11.4153003693,11.5550003052,11.1934003829956,11.1293001174927,11.1049995422363,11.122200012207,10.6680002212524,..,..,..,..,10.4604997634888,..,..,..,..,11.4849996567,..
Turquía,TUR,Camas hospitalarias (por cada 1.000 personas),SH.MED.BEDS.ZS,..,..,..,..,..,..,2.7,2.7,2.5,2.5,2.4,2.3,2.3,2.3,2.3,2.2,2.2,2.3,2.2,2.1,2.5999999046,2.5,2.5,2.5,2.5,2.5,2.5,2.4000000954,2.4000000954,2.09999990463257,2.09999990463257,2.09999990463257,2.09999990463257,2.09999990463257,..,..,..,..,2.20000004768372,..,..,..,..,2.4000000954,2
Tuvalu,TUV,Camas hospitalarias (por cada 1.000 personas),SH.MED.BEDS.ZS,..,..,..,..,..,..,..,..,..,..,..,..,..,..,..,..,..,..,5.6,..,..,..,..,..,..,..,..,..,..,..,..,..,..,..,..,..,..,..,..,..,..,..,..,..,..
Ucrania,UKR,Camas hospitalarias (por cada 1.000 personas),SH.MED.BEDS.ZS,..,..,..,..,..,..,8.8,8.9,9,9.4,9.4,8.7,8.7,8.7,8.7,8.7,8.8,8.9,8.8,8.8,8.9499998093,9.0399999619,9.3699998856,10.8400001526,11.8900003433,12.3022003174,12.470700264,12.7290000916,12.9690999985,13.0064001083374,12.9303998947144,12.8506002426147,12.7875995635986,12.6949996948242,12.5909996032715,12.4448003768921,12.3577995300293,12.2532997131348,12.143500328064,..,..,..,..,13.0130996704,..
Uganda,UGA,Camas hospitalarias (por cada 1.000 personas),SH.MED.BEDS.ZS,..,..,..,..,..,..,..,..,..,0.5,0.4,..,..,1.1,1,0.7,..,..,..,..,..,..,..,..,..,..,..,..,0.9161999822,..,1.3154000043869,..,..,..,..,..,..,1.51250004768372,..,..,..,..,..,..,1.64849996566772
Uruguay,URY,Camas hospitalarias (por cada 1.000 personas),SH.MED.BEDS.ZS,..,..,..,..,..,2.8,2.5,2.5,3,1.2,..,..,2.9,2.9,2.4,..,1.8999999762,..,..,..,..,..,..,4.3899998665,..,..,4.5,..,..,..,..,..,..,3.24580001831055,..,..,..,..,..,..,..,..,..,4.522600174,5.00180006027222
Uzbekistán,UZB,Camas hospitalarias (por cada 1.000 personas),SH.MED.BEDS.ZS,..,..,..,..,..,..,4,4.2,4.3,4.4,4.6,4.7,4.8,5.1,5.2,5.3,5.5,5.5,5.3,5.3,5.3899998665,5.5500001907,6.4800000191,7.9299998283,8.3000001907,8.6632995605,9.394200325,10.7540998459,10.9472999573,12.2850999832153,12.2161998748779,11.9456996917725,11.9556999206543,11.8341999053955,..,..,..,..,9.17630004882813,..,..,..,..,12.48279953,..
Vanuatu,VUT,Camas hospitalarias (por cada 1.000 personas),SH.MED.BEDS.ZS,..,..,..,..,..,..,..,..,..,..,..,1.7,..,..,4.1,..,3.7,..,3.0999999046,..,..,..,..,..,..,..,..,..,..,..,..,..,..,..,..,..,..,..,6.1793999671936,..,..,..,..,..,..
Venezuela,VEN,Camas hospitalarias (por cada 1.000 personas),SH.MED.BEDS.ZS,..,..,..,..,..,0.8,..,..,0.9,..,1.1,..,1.3,..,..,..,0.9,..,0.8000000119,..,..,..,..,1.4700000286,..,..,2.5999999046,2.5729999542,2.6775999069,..,2.49959993362427,2.59829998016357,2.70009994506836,2.69309997558594,0.37279999256134,0.358200013637543,0.370400011539459,..,0.331900000572205,..,..,..,0.342900007963181,2.6779000759,0.331499993801117
Viet Nam,VNM,Camas hospitalarias (por cada 1.000 personas),SH.MED.BEDS.ZS,..,..,..,..,..,2.6,..,2.5,..,2,3.1,2.9,..,2.66,2.6,2.8,..,1.4,2.4000000954,..,..,..,1.6699999571,..,..,..,..,..,..,3.30170011520386,..,..,..,..,..,..,..,3.69609999656677,3.49729990959167,..,..,..,..,3.8329000473,..
"Yemen, Rep. del",YEM,Camas hospitalarias (por cada 1.000 personas),SH.MED.BEDS.ZS,..,..,..,..,..,0.7,0.7,0.7,0.7,0.7,0.7,0.7,0.7,0.7,0.6,0.6,0.6,0.6,0.6,0.6,..,0.6000000238,..,0.6899999976,..,..,..,..,..,..,..,..,..,..,..,..,..,..,..,..,..,..,..,0.8361999989,0.865499973297119
Zambia,ZMB,Camas hospitalarias (por cada 1.000 personas),SH.MED.BEDS.ZS,..,..,..,..,..,..,..,..,..,2,..,1.9,..,..,..,2,..,..,..,..,..,..,..,..,..,..,..,..,..,..,..,..,..,..,..,..,..,3.48219990730286,..,..,..,..,..,..,3.33680009841919
Zimbabwe,ZWE,Camas hospitalarias (por cada 1.000 personas),SH.MED.BEDS.ZS,..,..,..,..,..,..,..,..,1.7,..,..,..,..,3,..,..,..,..,..,..,..,..,..,..,..,..,..,..,..,..,..,1.94079995155334,..,1.39359998703003,..,..,..,..,3.00270009040833,..,..,..,..,0.5105000138,3.31369996070862
 Ingreso mediano,MIC,Camas hospitalarias (por cada 1.000 personas),SH.MED.BEDS.ZS,..,..,..,..,..,..,..,..,2.40006056853931,..,..,..,..,..,2.24995839160191,..,2.19776229261304,2.07007288036716,..,..,..,..,..,..,..,..,..,..,2.66639305338748,..,..,3.13140366917627,..,2.78384753048252,..,..,..,2.07529416868557,2.09822237864723,..,..,..,..,3.14023337112269,1.55710673429204
África al sur del Sahara,SSF,Camas hospitalarias (por cada 1.000 personas),SH.MED.BEDS.ZS,..,..,..,..,..,..,..,..,..,..,..,..,..,..,..,..,..,..,..,..,..,..,..,..,..,..,..,..,..,..,..,..,..,..,..,..,..,..,..,..,..,..,..,1.21257542231363,1.27867634059838
África al sur del Sahara (BIRF y la AIF),TSS,Camas hospitalarias (por cada 1.000 personas),SH.MED.BEDS.ZS,..,..,..,..,..,..,..,..,..,..,..,..,..,..,..,..,..,..,..,..,..,..,..,..,..,..,..,..,..,..,..,..,..,..,..,..,..,..,..,..,..,..,..,1.21257542231363,1.27867634059838
África al sur del Sahara (excluido altos ingresos),SSA,Camas hospitalarias (por cada 1.000 personas),SH.MED.BEDS.ZS,..,..,..,..,..,..,..,..,..,..,..,..,..,..,..,..,..,..,..,..,..,..,..,..,..,..,..,..,..,..,..,..,..,..,..,..,..,..,..,..,..,..,..,1.21257542231363,1.27773206312948
América del Norte,NAC,Camas hospitalarias (por cada 1.000 personas),SH.MED.BEDS.ZS,..,..,..,..,..,..,2.9,2.88008050559593,2.88014472098771,2.97028640356701,3.10987921654293,3.12956691572142,3.1,3.12952506461937,3.21967520037323,..,3.3295047413868,3.42949368971279,3.51963411717895,3.49019149357835,3.62947364328064,3.74927170568068,3.85930520827451,3.969789278783,4.18922128272975,4.3000001907,4.58945236880738,4.68962946264769,4.89977094594088,5.12937017991763,5.23825912935674,5.33777554044616,5.52744604873413,5.62736569897019,5.80774393530127,5.89788027491548,5.98803330382625,5.9976064256276,6.0779077076013,6.16796637585235,6.26803619627514,6.44862563236745,6.62913195203116,5.00984032705189,6.80000019073486
América Latina y el Caribe,LCN,Camas hospitalarias (por cada 1.000 personas),SH.MED.BEDS.ZS,..,..,..,..,..,2.17327725929248,2.13931163133949,2.10298893250865,2.00353212189201,2.2329149699344,1.95826756700862,..,..,..,..,..,..,..,..,..,..,..,..,2.26576227111368,..,..,2.56148322838705,..,..,..,..,..,..,..,..,..,..,..,..,..,..,..,..,2.48553373779449,..
América Latina y el Caribe (BIRF y la AIF),TLA,Camas hospitalarias (por cada 1.000 personas),SH.MED.BEDS.ZS,..,..,..,..,..,2.08967547696012,2.07488509973306,2.03234009064138,1.94141306358373,2.14384797948173,1.85791282741284,..,..,..,..,..,..,..,..,..,..,..,..,2.18372085171489,..,..,2.47844956970373,..,..,..,..,..,..,..,..,..,..,..,..,..,..,..,..,2.40742387900785,..
América Latina y el Caribe (excluido altos ingresos),LAC,Camas hospitalarias (por cada 1.000 personas),SH.MED.BEDS.ZS,..,..,..,..,..,2.16290513214949,2.12930928378679,2.09127250426134,1.99227146679025,2.24441396814953,1.94381571964244,..,..,..,..,..,..,..,..,..,..,..,..,2.21376647363378,..,..,2.52683690427868,..,..,..,..,..,..,..,..,..,..,..,..,..,..,..,..,2.43785332589516,..
Asia meridional,SAS,Camas hospitalarias (por cada 1.000 personas),SH.MED.BEDS.ZS,..,..,..,..,..,..,..,..,0.674261834507074,..,..,..,..,..,0.813256917497725,..,0.867379033029519,0.677651240192472,..,..,..,..,..,..,..,..,..,..,0.719413740221952,..,..,0.702410169780223,..,0.70908290144915,..,..,..,0.731848958039213,0.729453377081621,..,..,..,..,..,0.626657087295665
Asia meridional (BIRF y la AIF),TSA,Camas hospitalarias (por cada 1.000 personas),SH.MED.BEDS.ZS,..,..,..,..,..,..,..,..,0.674261834507074,..,..,..,..,..,0.813256917497725,..,0.867379033029519,0.677651240192472,..,..,..,..,..,..,..,..,..,..,0.719413740221952,..,..,0.702410169780223,..,0.70908290144915,..,..,..,0.731848958039213,0.729453377081621,..,..,..,..,..,0.626657087295665
Asia oriental y el Pacífico,EAS,Camas hospitalarias (por cada 1.000 personas),SH.MED.BEDS.ZS,..,..,..,..,..,..,..,4.44360048737964,3.54985610924148,3.00729307459809,4.77824217832564,..,..,3.17101241176616,3.35822242872164,4.0250213497129,3.41365659358564,3.08476486188393,3.37082328430927,3.61160409385209,3.7006778361322,3.39318151744598,3.70711639025866,3.80358667379786,3.80124616885857,3.52701682546471,3.43513550515975,2.42885364599208,2.42090894863258,2.48765476559885,..,..,2.39684449820008,3.28650678488295,2.45617148558285,2.41176752910272,2.3829888855423,2.43828768355871,3.3245762216169,..,..,..,2.12823767479258,2.34123160306518,1.91706107842653
Asia oriental y el Pacífico (BIRF y la AIF),TEA,Camas hospitalarias (por cada 1.000 personas),SH.MED.BEDS.ZS,..,..,..,..,..,..,..,3.5142490496806,3.55538825918737,2.84950197096346,3.87592853711616,..,..,2.10589699064507,2.42651177608378,2.96564985637942,2.20020946024361,2.0312712030734,2.40324533359501,2.44349654671127,2.5048830581539,2.25573235309062,2.4980746146049,2.54083653635241,2.57205458171574,2.34960889182059,2.29197691889198,2.27770699074498,2.27225166195359,2.35650142725527,2.53664631662264,2.47996849317457,2.36593730538755,2.12200487778165,2.31000799277205,2.26248063040223,2.23417674052301,2.29444338407189,2.22372802979862,2.20000004768372,2.14000010490417,2.0699999332428,1.98732443357415,2.27877090593764,1.78114532836121
Asia oriental y el Pacífico (excluido altos ingresos),EAP,Camas hospitalarias (por cada 1.000 personas),SH.MED.BEDS.ZS,..,..,..,..,..,..,..,3.64740030992424,3.55538825918737,2.99695764809714,3.87591640442743,..,..,2.10584951860588,2.42651177608378,2.96564985637942,2.20020946024361,2.17577741350886,2.40324533359501,2.44349654671127,2.5048830581539,2.25570508580776,2.4980746146049,2.54083653635241,2.57205458171574,2.34960889182059,2.29197691889198,2.27770699074498,2.27225166195359,2.35650142725527,2.53664631662264,2.47996849317457,2.36593730538755,2.12200487778165,2.31000799277205,2.26248063040223,2.23417674052301,2.29444338407189,2.22372802979862,2.20000004768372,2.14000010490417,2.0699999332428,1.98732443357415,2.27877090593764,1.78114532836121
avanzada del dividendo demográfico,LTE,Camas hospitalarias (por cada 1.000 personas),SH.MED.BEDS.ZS,..,..,..,..,..,..,..,4.21873143599863,3.93671399753217,3.85072675369223,4.31044097421975,..,..,3.07231098047231,3.16906061904891,3.68870668436933,3.17867707232356,3.36221964936498,3.40133970915173,3.49666000968243,3.55924413485208,3.69495145665392,3.59709681572971,3.66913448320617,3.82802975697877,3.91207093198655,3.92760792251471,3.97038164599161,4.046566468884,4.01061636953459,4.17428126974938,4.05955140259874,4.07244116477016,4.02963003398057,..,..,..,2.69490620858424,2.81517387647586,..,..,..,..,3.88406381796191,2.23614846998734
BIRF y la AIF,IBT,Camas hospitalarias (por cada 1.000 personas),SH.MED.BEDS.ZS,..,..,..,..,..,..,..,..,2.46036187812154,..,..,..,..,..,2.20982018418914,..,2.22022916242364,2.07475406126342,..,..,..,..,..,..,..,..,..,..,2.68679354269811,..,..,..,..,2.82094146516886,..,..,..,..,2.10566467041667,..,..,..,..,3.00686758778486,1.54563947966564
El mundo árabe,ARB,Camas hospitalarias (por cada 1.000 personas),SH.MED.BEDS.ZS,..,..,..,..,..,1.62452358185493,1.15189919300725,1.15838267090974,1.16022306555643,1.52952286081567,1.52831050670504,1.64162360989422,1.61711397143207,1.65251768584598,1.63026123576705,1.61232903776576,1.57406297803304,1.57479931646334,1.63946676396227,1.59791104698031,..,..,..,..,..,..,..,..,..,..,..,..,..,..,..,..,..,1.7076106017146,..,..,..,..,..,1.79558140293835,1.58381419388698
Estados pequeos de las Islas del Pacfico,PSS,Camas hospitalarias (por cada 1.000 personas),SH.MED.BEDS.ZS,..,..,..,..,..,..,..,..,..,..,..,..,..,..,2.0768964148197,..,..,..,..,..,..,..,..,..,..,..,..,..,..,..,..,..,..,..,..,..,..,3.70403023387242,3.6119249075781,..,..,..,..,..,..
Estados pequeos del Caribe,CSS,Camas hospitalarias (por cada 1.000 personas),SH.MED.BEDS.ZS,..,..,..,..,..,..,2.26723392472779,2.35472391733766,..,2.32479747459894,2.30053403430898,..,2.18227982077528,2.55656454782987,2.44257359344444,..,2.53152700201334,..,2.49297655343327,..,..,..,..,3.47944325096064,3.09151576259095,..,2.82114787847011,..,..,..,..,..,..,..,..,..,..,..,..,..,..,..,..,3.62007156809235,4.9904186611762
Europa Central y del Báltico,CEB,Camas hospitalarias (por cada 1.000 personas),SH.MED.BEDS.ZS,..,..,..,..,..,..,6.42144666078239,6.42304660481243,6.42078150700081,6.48706825045242,6.64428705595084,6.64870444847165,6.57746075043518,6.71996242671097,6.77524227378362,6.8239801979684,6.88289857964377,6.75132166166714,..,6.69761547313179,6.61653067869634,6.7973288388091,7.0230654493653,7.26824655678557,7.23868869955943,7.63067159676446,7.64288605831753,7.67228575673474,8.03882876474436,..,..,..,..,8.2004950903895,..,..,..,..,8.03024521070742,..,..,..,..,8.11984050401736,..
Europa y Asia central,ECS,Camas hospitalarias (por cada 1.000 personas),SH.MED.BEDS.ZS,..,..,..,..,..,..,5.92503058136171,5.80440567724093,5.85512641895863,5.97953881016361,6.08947816727917,6.15069850858307,6.23588803186291,6.35777648920245,6.44283835646416,6.52785765313632,6.72384938201092,6.81878512030913,6.9594535593145,6.97021226216324,7.09480075197197,7.29965565653915,7.54383698896099,7.90455386360456,8.1297409534755,8.32437801283812,8.52079156383638,8.69737192459304,9.02776030857835,9.56586465638587,9.62206402197557,9.6541812631454,9.67276037153155,9.58800871382833,..,..,..,..,9.15443722759635,..,..,..,..,9.16473246139872,..
Europa y Asia central (BIRF y la AIF),TEC,Camas hospitalarias (por cada 1.000 personas),SH.MED.BEDS.ZS,..,..,..,..,..,..,6.36284728788407,6.46040041022694,6.51705813942181,6.68547133116294,6.8457423176853,6.86999149379386,6.9505720743343,7.09157885379056,7.12885214266573,7.22214902035598,7.49480759748751,7.55476145409335,7.82837916073814,7.65447024245726,7.77812952995332,7.99814421395765,8.29697308247818,8.78753805996183,9.15639772922596,9.36625488940994,9.64047265752317,9.80355470738863,10.0385087742092,10.7384517893104,10.7180870841711,10.6855686013691,10.6538617543376,10.1473185424555,..,..,..,..,..,..,..,..,..,10.2661859917986,..
Europa y Asia central (excluido altos ingresos),ECA,Camas hospitalarias (por cada 1.000 personas),SH.MED.BEDS.ZS,..,..,..,..,..,..,6.35463530944861,6.46260685356581,6.52746361185797,6.71504036089203,6.87563088828333,6.91156772226155,7.02015480261282,7.16687491927776,7.20834302905195,7.29367701201852,7.59564692189062,7.77138972816995,7.84895158269768,7.94707023742482,8.07479136282556,8.29817702039444,8.62125384642684,9.15586919364696,9.5730414490882,9.79523485454163,10.09845312651,10.278889976055,10.5229644763052,10.7813173140931,10.7603242447274,10.7279057720936,10.6963115638118,10.6449036576081,..,..,..,..,..,..,..,..,..,10.7675116314895,..
Frágiles y situaciones de conflicto afectados,FCS,Camas hospitalarias (por cada 1.000 personas),SH.MED.BEDS.ZS,..,..,..,..,..,..,..,..,..,..,..,..,..,..,..,..,..,..,..,..,..,..,..,..,..,..,..,..,..,..,..,..,..,..,..,..,..,..,..,..,..,..,..,1.42123993032334,1.28673315523584
Ingreso alto,HIC,Camas hospitalarias (por cada 1.000 personas),SH.MED.BEDS.ZS,..,..,..,..,..,..,4.11069396287238,5.43748978198939,4.04995739750421,4.15593879511141,5.65752433688673,5.90908823276765,4.4884573717184,5.77224895771711,5.75458122213479,..,6.09455631068766,6.06217555080336,6.08165101583868,6.30713407084759,6.54443764316363,6.67576502763385,6.70987935330212,6.83972988698507,7.07074116731134,7.25639195941416,7.20710387990149,6.15975227708361,6.47211652705722,..,..,..,..,8.17360916280025,..,..,..,..,8.39834918891228,..,..,..,..,6.28400722186461,..
Ingreso mediano alto,UMC,Camas hospitalarias (por cada 1.000 personas),SH.MED.BEDS.ZS,..,..,..,..,..,..,..,3.84964733518275,3.62518857755591,3.56431944012151,3.96018148097016,..,..,2.9227105982849,3.100454769655,3.37874233322015,2.89689649617396,3.10151179902107,3.24018036327269,3.29765701562257,3.37668144025159,3.43215306060242,3.55227364216804,3.37676080872016,3.65260356069086,3.69133710884192,3.69425794738916,3.71995629372164,3.80767887052132,3.94968340183524,3.98460462167536,3.92108560106925,3.9661634569649,3.92202551845625,..,..,..,..,2.53170847956904,..,..,..,..,3.59371264851312,2.21073105343947
Ingreso mediano y bajo,LMY,Camas hospitalarias (por cada 1.000 personas),SH.MED.BEDS.ZS,..,..,..,..,..,..,..,..,2.43143135458582,..,..,..,..,..,2.17389440179547,..,2.1757909674549,2.09793751970799,..,..,..,..,..,..,..,..,..,..,2.64509654243919,..,..,..,..,2.77166581781903,..,..,..,..,2.04473815126584,..,..,..,..,2.9745876261913,1.53867790544218
inicial del dividendo demográfico,EAR,Camas hospitalarias (por cada 1.000 personas),SH.MED.BEDS.ZS,..,..,..,..,..,..,..,..,1.22517407197752,..,..,..,..,..,1.21993857897905,..,1.18679558317513,0.923283896675313,..,..,..,..,..,..,..,..,..,..,1.09024562274497,..,..,..,..,1.10719498431923,..,..,..,..,1.03899093710069,..,..,..,..,..,0.887832301145511
mezcla de la AIF,IDB,Camas hospitalarias (por cada 1.000 personas),SH.MED.BEDS.ZS,..,..,..,..,..,..,..,..,..,..,..,..,..,..,..,1.11229095905136,..,..,..,1.35313485888631,..,..,..,..,..,..,..,..,..,..,..,..,..,..,..,..,..,..,1.90985745474611,..,..,..,..,2.23763338656341,0.893340698716351
Miembros OCDE,OED,Camas hospitalarias (por cada 1.000 personas),SH.MED.BEDS.ZS,..,..,..,..,..,..,3.81434264538212,5.05296325229334,3.77543191015826,3.87638952133061,5.24193353843452,5.45281595497682,4.12702542229785,5.34412226761791,5.68676716134334,6.23700533379275,5.55010063987353,5.53957589085332,5.5090008768332,5.73103691916676,5.84965238868236,5.97393592744171,6.08880868918016,6.17163125473854,6.3283313970569,6.54655246275687,6.55690238441742,5.52254218266156,5.79253788189961,..,..,..,..,7.98721030733145,..,..,..,..,7.73506537700406,..,..,..,..,5.71666442264024,..
Mundo,WLD,Camas hospitalarias (por cada 1.000 personas),SH.MED.BEDS.ZS,..,..,..,..,..,..,..,..,2.70432520628646,..,..,..,..,..,2.87894447945721,..,3.0578896325149,2.87558128947048,..,..,..,..,..,..,..,..,..,..,3.42748188659398,..,..,..,..,4.12394906689924,..,..,..,..,3.59361826386637,..,..,..,..,3.64758680411951,2.39763830885296
No clasificado,INX,Camas hospitalarias (por cada 1.000 personas),SH.MED.BEDS.ZS,..,..,..,..,..,..,..,..,..,..,..,..,..,..,..,..,..,..,..,..,..,..,..,..,..,..,..,..,..,..,..,..,..,..,..,..,..,..,..,..,..,..,..,..,..
Oriente Medio y Norte de África,MEA,Camas hospitalarias (por cada 1.000 personas),SH.MED.BEDS.ZS,..,..,..,..,..,1.62848507118594,1.31563228854746,1.01936248976159,1.35669311177354,1.68764488706148,1.62442396617918,1.72463947420015,1.77227643004747,1.81579349795661,1.79232276343186,1.77728221439721,1.7627151693959,1.76265331533574,1.81829442473539,1.76591672392289,..,..,..,..,..,..,..,..,..,..,..,..,..,..,..,..,..,1.87096474395638,..,..,..,..,..,1.89196202675602,..
Oriente Medio y Norte de África (BIRF y la AIF),TMN,Camas hospitalarias (por cada 1.000 personas),SH.MED.BEDS.ZS,..,..,..,..,..,1.51669671692738,1.16300785053231,0.827081150184223,1.23330757247811,1.58843149646859,1.51344452000189,1.6216907116887,1.67212202670376,1.71212481992556,1.67347394434828,1.676196436388,1.64657108001312,1.64686674846834,1.62365238439819,1.64367507187058,..,..,..,..,..,..,..,..,..,..,..,..,..,..,..,..,..,1.75200058385951,1.74731054736123,..,..,..,..,1.7499535727127,..
Oriente Medio y Norte de África (excluido altos ingresos),MNA,Camas hospitalarias (por cada 1.000 personas),SH.MED.BEDS.ZS,..,..,..,..,..,1.51669671692738,1.16300785053231,0.827081150184223,1.23330757247811,1.58843149646859,1.51344452000189,1.6216907116887,1.67212202670376,1.71212481992556,1.67347394434828,1.676196436388,1.64657108001312,1.64686674846834,1.62365238439819,1.64367507187058,..,..,..,..,..,..,..,..,..,..,..,..,..,..,..,..,..,1.75200058385951,1.74731054736123,..,..,..,..,1.7499535727127,..
Otros Estados pequeos,OSS,Camas hospitalarias (por cada 1.000 personas),SH.MED.BEDS.ZS,..,..,..,..,..,..,..,..,..,..,..,..,..,..,..,..,..,..,..,..,..,..,..,..,..,..,..,..,..,..,..,..,..,..,..,..,..,..,..,..,..,..,..,..,..
Países de ingreso bajo,LIC,Camas hospitalarias (por cada 1.000 personas),SH.MED.BEDS.ZS,..,..,..,..,..,..,..,..,..,..,..,..,..,1.15048405799908,..,..,..,..,..,..,..,..,..,..,..,..,..,..,..,..,..,..,..,..,..,..,..,..,..,..,..,..,..,1.00570678882807,..
Países de ingreso mediano bajo,LMC,Camas hospitalarias (por cada 1.000 personas),SH.MED.BEDS.ZS,..,..,..,..,..,..,..,..,0.9843116081375,..,..,..,..,..,1.25662589010413,..,..,1.03549081562023,..,..,..,..,..,..,..,..,..,..,1.44000543661333,..,..,..,..,1.5152581062694,..,..,..,1.5419341579348,1.61941559036845,..,..,..,..,..,0.828839889806286
Países menos desarrollados: clasificación de las Naciones Unidas,LDC,Camas hospitalarias (por cada 1.000 personas),SH.MED.BEDS.ZS,..,..,..,..,..,..,..,..,..,..,..,..,..,..,..,..,..,..,..,..,..,..,..,..,..,..,..,..,..,..,..,..,..,..,..,..,..,..,..,..,..,..,..,0.731796545820335,..
Países pobres muy endeudados (PPME),HPC,Camas hospitalarias (por cada 1.000 personas),SH.MED.BEDS.ZS,..,..,..,..,..,..,..,..,..,..,..,..,..,0.743511693980356,..,..,..,..,..,..,..,..,..,..,..,..,..,..,..,..,..,..,..,..,..,..,..,..,..,..,..,..,..,0.997742408561213,1.52300150520523
Pequeños Estados,SST,Camas hospitalarias (por cada 1.000 personas),SH.MED.BEDS.ZS,..,..,..,..,..,..,..,..,..,..,..,..,..,..,..,..,..,..,..,..,..,..,..,..,..,..,..,..,..,..,..,..,..,..,..,..,..,..,..,..,..,..,..,..,..
posterior al dividendo demográfico,PST,Camas hospitalarias (por cada 1.000 personas),SH.MED.BEDS.ZS,..,..,..,..,..,..,4.60735749887723,5.88963246040902,4.47785981439773,4.62262648555041,6.08029017642108,6.24143409704021,4.84894631536405,6.13014050662918,6.12066133924041,..,6.3804992055193,6.45612529729711,6.37813694632942,6.67323820666154,6.77960014452753,6.92193142718446,7.08773072856595,7.28097816309209,7.48876194889414,7.74035877560277,7.75985421395686,6.73902562791878,7.03887744622963,..,..,..,..,8.6832564919323,..,..,..,..,8.97107634083878,..,..,..,..,7.02426655336634,..
previa al dividendo demográfico,PRE,Camas hospitalarias (por cada 1.000 personas),SH.MED.BEDS.ZS,..,..,..,..,..,..,..,..,..,..,..,..,..,..,..,..,..,..,..,..,..,..,..,..,..,..,..,..,..,..,..,..,..,..,..,..,..,..,..,..,..,..,..,1.3293418500642,..
Sólo AIF,IDX,Camas hospitalarias (por cada 1.000 personas),SH.MED.BEDS.ZS,..,..,..,..,..,..,..,..,..,..,..,..,..,..,..,..,..,..,..,..,..,..,..,..,..,..,..,..,..,..,..,..,..,..,..,..,..,..,..,..,..,..,..,0.974968637050281,..
Sólo BIRF,IBD,Camas hospitalarias (por cada 1.000 personas),SH.MED.BEDS.ZS,..,..,..,..,..,..,..,..,2.60296599868027,3.20076551490717,..,..,..,..,2.4322345052665,..,2.29726060017993,2.22738546113417,..,..,..,..,..,..,..,..,..,..,2.78236534567868,..,..,3.05024631702574,..,2.85583458200412,..,..,..,2.20641329498983,2.26091359279864,..,..,..,..,3.47643218381509,1.6164170006264
total de la AIF,IDA,Camas hospitalarias (por cada 1.000 personas),SH.MED.BEDS.ZS,..,..,..,..,..,..,..,..,..,..,..,..,..,..,..,..,..,..,..,..,..,..,..,..,..,..,..,..,..,..,..,..,..,..,..,..,..,..,1.27618930359143,..,..,..,..,1.43827306880872,..
Unión Europea,EUU,Camas hospitalarias (por cada 1.000 personas),SH.MED.BEDS.ZS,..,..,..,..,..,..,6.10828282710878,5.70548497602185,5.72207867432853,5.79570983574962,5.84952881398755,5.92635603405513,5.98000828337914,6.066396838536,6.18579604041397,6.24634320330616,6.35571812120459,6.43657103012147,6.64058649460901,6.58386217026767,6.66926894726598,6.86027998390495,7.06209849066307,7.29029462721969,7.30987148082782,7.54282233757192,7.60936107153638,7.74710067649586,8.00797647177099,..,..,..,..,8.87814307213609,..,..,..,..,9.5202511094714,..,..,..,..,8.19699309053402,..
Zona del Euro,EMU,Camas hospitalarias (por cada 1.000 personas),SH.MED.BEDS.ZS,..,..,..,..,..,..,6.16749081248063,5.57631009284811,5.64364116566636,5.7135257237066,5.74324419612555,5.85042281374998,5.94031629018266,6.00416639604715,6.14497378543303,6.21005209631195,6.34063059248541,6.49733418186106,6.61872189260773,6.7211567249131,6.87948900697098,7.07349176769583,7.23489304667167,7.50233424704565,7.51709449210461,7.64864688378082,7.74924584384216,7.90771864248654,8.03062405448101,..,..,..,..,9.07524027189126,..,..,..,..,9.94208867778308,..,..,..,..,8.24123604035793,..
,,,,,,,,,,,,,,,,,,,,,,,,,,,,,,,,,,,,,,,,,,,,,,,,
,,,,,,,,,,,,,,,,,,,,,,,,,,,,,,,,,,,,,,,,,,,,,,,,
,,,,,,,,,,,,,,,,,,,,,,,,,,,,,,,,,,,,,,,,,,,,,,,,
Data from Database: Indicadores del desarrollo mundial,,,,,,,,,,,,,,,,,,,,,,,,,,,,,,,,,,,,,,,,,,,,,,,,
Last Updated: 05/28/2020,,,,,,,,,,,,,,,,,,,,,,,,,,,,,,,,,,,,,,,,,,,,,,,,
